ilce_adi;mahalle_adi;en_cok_yetistirilen_urunler
Ahırlı;ALİÇERÇİ;BUĞDAY, ARPA, MERCİMEK, NOHUT, FASULYE
Ahırlı;BADEMLİ;BUĞDAY, ARPA, NOHUT, ERİK
Ahırlı;BALIKLAVA;BUĞDAY, ELMA, ÇİLEK, NOHUT
Ahırlı;BÜYÜKÖZ;BUĞDAY, ARPA
Ahırlı;ÇİFTLİK;BUĞDAY, ARPA, FASULYE
Ahırlı;ERDOĞAN;BUĞDAY, ELMA, ÜZÜM
Ahırlı;KARACAKUYU;BUĞDAY, ARPA, NOHUT
Ahırlı;KAYACIK;BUĞDAY, ELMA, ARPA, NOHUT
Ahırlı;KURUÇAY;YOK
Ahırlı;KÜÇÜKÖZ;BUĞDAY, ELMA, ARPA, ERİK
Akören;AVDAN;BUĞDAY, MERCİMEK
Akören;KAYASU;BUĞDAY, ELMA, DOMATES, PATATES, ARPA, KİRAZ, PATLICAN
Akören;AHMEDİYE;MISIR, BUĞDAY, ARPA, ŞEKER PANCARI
Akören;ALAN;BUĞDAY, ARPA, MERCİMEK, NOHUT
Akören;BELKUYU;BUĞDAY, ELMA, ARPA, KİRAZ, NOHUT, SUSAM
Akören;ÇATÖREN;BUĞDAY, ÇEREZLİK KABAK, ARPA
Akören;DUTLU;BUĞDAY, ARPA, NOHUT
Akören;ORHANİYE;MISIR, BUĞDAY, ARPA
Akören;SÜLEYMANİYE;BUĞDAY, ŞEKER PANCARI, NOHUT
Akören;TÜLCE;BUĞDAY, NOHUT, PATLICAN
Akören;KARAHÜYÜK;BUĞDAY
Akşehir;ÇAKILLAR;KİRAZ, ÇİLEK, VİŞNE, PATLICAN
Akşehir;GEDİL;BUĞDAY, ARPA, PATLICAN, SARIMSAK
Akşehir;KARAHÜYÜK;ELMA, DOMATES, BİBER, SALATALIK, VİŞNE
Akşehir;ADSIZ;BUĞDAY, ARPA
Akşehir;ALANYURT;KİRAZ, VİŞNE
Akşehir;ALTUNTAŞ;MISIR, HAŞHAŞ, ŞEKER PANCARI
Akşehir;ATAKENT;MISIR, ELMA, KİRAZ, VİŞNE
Akşehir;BOZLAĞAN;HAŞHAŞ, DOMATES, PATATES, BİBER, SOĞAN
Akşehir;CANKURTARAN;KİRAZ, ÇİLEK
Akşehir;ÇAMLI;ELMA, KİRAZ, ÇİLEK, VİŞNE
Akşehir;ÇİMENDERE;PATATES, ÇİLEK, FASULYE, PATLICAN
Akşehir;DEĞİRMENKÖY;KİRAZ, VİŞNE
Akşehir;DOĞRUGÖZ;KİRAZ, VİŞNE, ERİK
Akşehir;ENGİLİ;KİRAZ, VİŞNE, PATLICAN
Akşehir;GÖLÇAYIR;KİRAZ, VİŞNE, ERİK
Akşehir;GÖZPINARI;HAŞHAŞ, ŞEKER PANCARI
Akşehir;ILICAK;KİRAZ, VİŞNE, SARIMSAK
Akşehir;KARABULUT;BUĞDAY, YONCA, ARPA, ŞEKER PANCARI
Akşehir;ORTACA;BUĞDAY, ARPA, PATLICAN
Akşehir;ORTAKÖY;DOMATES, BİBER, PATLICAN
Akşehir;REİS;BUĞDAY, ARPA
Akşehir;SAVAŞ;KİRAZ, VİŞNE, SARIMSAK
Akşehir;SORKUN;KİRAZ
Akşehir;SÖĞÜTLÜ;BUĞDAY, ARPA, ŞEKER PANCARI
Akşehir;TEKKE;YOK
Akşehir;TİPİKÖY;BUĞDAY, ASPİR, HAŞHAŞ, ARPA, ANASON
Akşehir;ULUPINAR;KİRAZ, VİŞNE
Akşehir;ÜÇHÜYÜK;KİRAZ, ÇİLEK
Akşehir;YAŞARLAR;BUĞDAY, ARPA
Akşehir;YAYLABELEN;MISIR, BUĞDAY, ARPA, ÇİLEK, VİŞNE
Akşehir;YAZLA;HAŞHAŞ, ŞEKER PANCARI
Akşehir;YENİKÖY;KİRAZ, ÇİLEK, VİŞNE
Akşehir;YEŞİLKÖY;BUĞDAY, ARPA
Akşehir;SARAY;KİRAZ, VİŞNE
Altınekin;OĞUZELİ;MISIR, AYÇİÇEĞİ
Altınekin;AKCAŞAR;MISIR, BUĞDAY, ÇEREZLİK KABAK, AYÇİÇEĞİ, ŞEKER PANCARI
Altınekin;AYIŞIĞI;BUĞDAY, ARPA
Altınekin;AKKÖY;BUĞDAY, ARPA, AYÇİÇEĞİ, FASULYE
Altınekin;BORUKKUYU;MISIR, BUĞDAY, ARPA, ŞEKER PANCARI, FASULYE
Altınekin;HACINUMAN;BUĞDAY, ARPA, AYÇİÇEĞİ, FASULYE
Altınekin;KARAKAYA;BUĞDAY, ELMA
Altınekin;KOÇAŞ;BUĞDAY, ARPA
Altınekin;KOÇYAKA;MERCİMEK, NOHUT
Altınekin;MANTAR;MISIR, BUĞDAY, AYÇİÇEĞİ, ŞEKER PANCARI
Altınekin;YENİÖLMEZ;BUĞDAY, ARPA, PATLICAN
Altınekin;SARNIÇ;AYÇİÇEĞİ, ŞEKER PANCARI, FASULYE
Altınekin;TOPRAKLIK;MISIR, AYÇİÇEĞİ
Altınekin;YENİKUYU;MISIR, BUĞDAY, ARPA, AYÇİÇEĞİ, KANOLA, FASULYE
Altınekin;YENİYAYLA;MISIR, BUĞDAY, DOMATES, ARPA, AYÇİÇEĞİ, FASULYE
Altınekin;DEDELER;AYÇİÇEĞİ, ŞEKER PANCARI, FASULYE
Altınekin;AKINCILAR;BUĞDAY, ARPA, AYÇİÇEĞİ, ŞEKER PANCARI
Beyşehir;ADAKÖY;BUĞDAY, ARPA, FASULYE
Beyşehir;AĞILÖNÜ;BUĞDAY, ELMA, ÜZÜM, DOMATES, PATATES
Beyşehir;AKBURUN;BUĞDAY, ÇİLEK, ŞEKER PANCARI, NOHUT, FASULYE
Beyşehir;AKÇABELEN;BUĞDAY, ELMA, ARPA, FASULYE
Beyşehir;AVDANCIK;BUĞDAY, PATATES, ARPA, ŞEKER PANCARI, NOHUT
Beyşehir;BADEMLİ;BUĞDAY, ARPA, NOHUT
Beyşehir;BAYAT;BUĞDAY, ARPA
Beyşehir;BAYAVŞAR;BUĞDAY, ARPA
Beyşehir;BAYINDIR;BUĞDAY, PATATES, ARPA, ŞEKER PANCARI, NOHUT
Beyşehir;BAŞGÖZE;BUĞDAY, ARPA, PATLICAN
Beyşehir;BEKDEMİR;BUĞDAY, ŞEKER PANCARI
Beyşehir;DAMLAPINAR;MISIR, BUĞDAY, YONCA, YULAF, DOMATES, ARPA
Beyşehir;DOĞANBEY;BUĞDAY, YONCA, YULAF, ARPA, ŞEKER PANCARI, NOHUT
Beyşehir;DOĞANCIK;BUĞDAY, ARPA
Beyşehir;DUMANLI;BUĞDAY, DOMATES, AYÇİÇEĞİ, FASULYE
Beyşehir;EMEN;BUĞDAY, ELMA, ARPA, KİRAZ, CEVİZ
Beyşehir;ESENCE;PATATES, ŞEKER PANCARI
Beyşehir;EYLİKLER;BUĞDAY, ARPA, ŞEKER PANCARI, NOHUT
Beyşehir;EĞİRLER;BUĞDAY, ARPA
Beyşehir;FASILLAR;BUĞDAY, DOMATES, ARPA, BİBER, PATLICAN
Beyşehir;GÖKÇEKUYU;ÇİLEK, NOHUT
Beyşehir;GÖKÇİMEN;BUĞDAY, ARPA
Beyşehir;GÖLKAŞI;BUĞDAY, ŞEKER PANCARI, NOHUT
Beyşehir;GÖLYAKA;BUĞDAY, ARPA
Beyşehir;GÖNEN;BUĞDAY, NOHUT
Beyşehir;GÖÇÜ;BUĞDAY, ARPA, NOHUT, FASULYE
Beyşehir;GÜNDOĞDU;BUĞDAY, NOHUT
Beyşehir;HUĞLU;MISIR, PATATES, ÇİLEK, NOHUT
Beyşehir;HÜSEYİNLER;BUĞDAY, ARPA
Beyşehir;İSAKÖY;BUĞDAY, ARPA, ŞEKER PANCARI, NOHUT
Beyşehir;KARAALİ;BUĞDAY, ARPA, NOHUT
Beyşehir;KARABAYAT;BUĞDAY, ARPA, ŞEKER PANCARI, NOHUT
Beyşehir;KARADİKEN;BUĞDAY, ARPA, KAVUN, BİBER, NOHUT
Beyşehir;KARAHİSAR;BUĞDAY, PATATES, ARPA, ŞEKER PANCARI
Beyşehir;KAYABAŞI;BUĞDAY, ARPA, NOHUT, FASULYE
Beyşehir;KURUCUOVA;BUĞDAY, ARPA
Beyşehir;KUŞLUCA;ŞEKER PANCARI, NOHUT
Beyşehir;KÜÇÜKAVŞAR;BUĞDAY, ELMA, ARPA, NOHUT
Beyşehir;MESUTLAR;BUĞDAY, ARPA
Beyşehir;SADIKHACI;BUĞDAY, ARPA, MERCİMEK, NOHUT
Beyşehir;SARIKÖY;BUĞDAY, ARPA, ŞEKER PANCARI, FASULYE
Beyşehir;SEVİNDİK;CEVİZ
Beyşehir;ŞAMLAR;BUĞDAY, DOMATES, PATATES, FASULYE, PATLICAN
Beyşehir;ÜÇPINAR;BUĞDAY, ARPA
Beyşehir;ÜSTÜNLER;BUĞDAY, ARPA, MERCİMEK
Beyşehir;ÜZÜMLÜ;ELMA, CEVİZ, FASULYE
Beyşehir;YAZYURDU;BUĞDAY, ARPA
Beyşehir;YENİDOĞAN;BUĞDAY, PATATES, ARPA
Beyşehir;YEŞİLDAĞ;BUĞDAY, DOMATES, PATATES, ARPA
Beyşehir;YUKARIESENCE;BUĞDAY, ARPA, ŞEKER PANCARI
Beyşehir;YUNUSLAR;MISIR, BUĞDAY, DOMATES, ARPA, NOHUT
Beyşehir;ÇİFTLİK;BUĞDAY, ARPA, MERCİMEK, NOHUT, PATLICAN
Beyşehir;ÇİVRİL;DOMATES, PATATES, ŞEKER PANCARI
Beyşehir;ÇUKURAĞIL;BUĞDAY, ARPA
Bozkır;ÇAĞLAYAN;ELMA, ÜZÜM, KİRAZ, VİŞNE
Bozkır;HAMZALAR;ELMA, ÜZÜM, KİRAZ, ÇİLEK
Bozkır;AKÇAPINAR;BUĞDAY, ELMA, DOMATES, ARPA, NOHUT
Bozkır;ARMUTLU;ÜZÜM
Bozkır;ARSLANTAŞ;DOMATES, PATATES
Bozkır;AYDINKIŞLA;DOMATES, PATATES
Bozkır;AYVALCA;BUĞDAY, ARPA, PATLICAN
Bozkır;BAĞYURDU;BUĞDAY, ELMA, ARPA, MERCİMEK, NOHUT
Bozkır;BAYBAĞAN;PATATES
Bozkır;BOZDAM;ELMA
Bozkır;DEREİÇİ;ÜZÜM, KİRAZ, ERİK, SARIMSAK
Bozkır;DEREKÖY;ELMA, PATATES, KİRAZ
Bozkır;ELMAAĞAÇ;PATATES, FASULYE
Bozkır;HACILAR;ELMA, PATATES, KİRAZ
Bozkır;HACIYUNUSLAR;PATATES, SOĞAN, FASULYE
Bozkır;HARMANPINAR;BUĞDAY
Bozkır;HİSARLIK;ÜZÜM
Bozkır;IŞIKLAR;ÜZÜM, PATATES
Bozkır;KARABAYIR;KİRAZ, ÇİLEK
Bozkır;KARACAARDIÇ;BUĞDAY, ELMA
Bozkır;KARACAHİSAR;PATATES, FASULYE
Bozkır;KARAYAHYA;BUĞDAY, KİRAZ, NOHUT
Bozkır;KAYACILAR;BUĞDAY
Bozkır;KAYAPINAR;ÜZÜM, PATATES
Bozkır;KINIK;BUĞDAY, ARPA
Bozkır;KIZILÇAKIR;BUĞDAY, ELMA, KİRAZ
Bozkır;KİLDERE;BUĞDAY, ARPA, MERCİMEK
Bozkır;KOVANLIK;ELMA, PATATES, KİRAZ
Bozkır;KOZAĞAÇ;CEVİZ
Bozkır;KUŞÇA;BUĞDAY
Bozkır;KÜÇÜKHİSARLIK;ÜZÜM, FASULYE, PATLICAN
Bozkır;PINARCIK;BUĞDAY, DOMATES, ARPA
Bozkır;SARIOĞLAN;BUĞDAY, ARPA, NOHUT
Bozkır;SAZLI;BUĞDAY, ELMA, ARPA
Bozkır;SOĞUCAK;PATATES
Bozkır;SORKUN;PATATES, FASULYE
Bozkır;SÖĞÜT;ELMA, KİRAZ
Bozkır;TARLABAŞI;DOMATES, PATATES, FASULYE
Bozkır;TAŞBAŞI;PATATES
Bozkır;TEPEARASI;BUĞDAY, ARPA, NOHUT
Bozkır;TEPELİCE;BUĞDAY, ARPA, NOHUT
Bozkır;ULUPINAR;DOMATES, PATATES, KİRAZ
Bozkır;ÜÇPINAR;KİRAZ, ÇİLEK
Bozkır;YALNIZCA;DOMATES, PATATES, BİBER, SOĞAN, HAVUÇ
Bozkır;YAZDAMI;DOMATES, PATATES, NOHUT, FASULYE
Bozkır;YELBEYİ;BUĞDAY, ELMA, ÜZÜM
Bozkır;YENİKÖY;BUĞDAY, ARPA, KİRAZ
Bozkır;YOLÖREN;ELMA, DOMATES, KİRAZ, ERİK
Çeltik;GÖKPINAR;BUĞDAY, ARPA, AYÇİÇEĞİ, SOĞAN, ŞEKER PANCARI
Çeltik;ADAKASIM;BUĞDAY, YULAF, ARPA, REZENE, ŞEKER PANCARI, FASULYE
Çeltik;DOĞANYURT;MISIR, BUĞDAY, ARPA, ŞEKER PANCARI
Çeltik;KAŞÖREN;MISIR, BUĞDAY, HAŞHAŞ, ÇEREZLİK KABAK, ARPA, AYÇİÇEĞİ, REZENE, ŞEKER PANCARI
Çeltik;KÜÇÜKHASAN;MISIR, BUĞDAY, ARPA, AYÇİÇEĞİ, ŞEKER PANCARI
Çeltik;TORUNLAR;MISIR, BUĞDAY, ÇEREZLİK KABAK, ARPA, KAVUN, ŞEKER PANCARI
Çeltik;İSHAKUŞAĞI;MISIR, BUĞDAY, ARPA, AYÇİÇEĞİ, REZENE
Çeltik;HONAMLI;MISIR, BUĞDAY, ÇEREZLİK KABAK, AYÇİÇEĞİ, ŞEKER PANCARI, FASULYE
Cihanbeyli;BÖĞRÜDELİK;BUĞDAY, ARPA, AYÇİÇEĞİ, KAVUN, FASULYE
Cihanbeyli;YAPALI;BUĞDAY, ARPA, AYÇİÇEĞİ, KİMYON, ŞEKER PANCARI
Cihanbeyli;YENİCEOBA;MISIR, BUĞDAY, ARPA, ŞEKER PANCARI, NOHUT
Cihanbeyli;CUMHURİYET;BUĞDAY, ARPA
Cihanbeyli;GEMECİK;MISIR, BUĞDAY, ARPA, ŞEKER PANCARI
Cihanbeyli;GÖKTEPE;BUĞDAY, ARPA, KİMYON
Cihanbeyli;AĞABEYLİ;MISIR, BUĞDAY, ARPA, AYÇİÇEĞİ, ŞEKER PANCARI
Cihanbeyli;HODOĞLU;BUĞDAY, ARPA
Cihanbeyli;KAYI;MISIR, BUĞDAY, ASPİR, KİMYON, ŞEKER PANCARI
Cihanbeyli;KIRKIŞLA;MISIR, AYÇİÇEĞİ, ŞEKER PANCARI
Cihanbeyli;KORKMAZLAR;BUĞDAY, ARPA
Cihanbeyli;KÜÇÜKBEŞKAVAK;BUĞDAY, ARPA
Cihanbeyli;MUTLUKONAK;BUĞDAY, ARPA, PATLICAN
Cihanbeyli;SAĞLIK;BUĞDAY, ARPA, KİMYON
Cihanbeyli;SIĞIRCIK;BUĞDAY, ARPA
Cihanbeyli;TURANLAR;BUĞDAY, ARPA, MERCİMEK, KİMYON, NOHUT
Cihanbeyli;TÜFEKÇİPINAR;BUĞDAY, YULAF, ARPA, MERCİMEK, KİMYON, KANOLA
Cihanbeyli;UZUNCAYAYLA;BUĞDAY, ARPA
Cihanbeyli;YÜNLÜKUYU;BUĞDAY, ARPA, NOHUT
Cihanbeyli;ZAFERİYE;BUĞDAY, PATATES, ARPA, AYÇİÇEĞİ
Cihanbeyli;GÖLYAZI;BUĞDAY, ÇAVDAR, ARPA
Cihanbeyli;GÜNYÜZÜ;BUĞDAY, AYÇİÇEĞİ, ŞEKER PANCARI
Cihanbeyli;İNSUYU;MISIR, BUĞDAY, ARPA, ŞEKER PANCARI
Cihanbeyli;KANDİL;BUĞDAY, YULAF, ARPA, MERCİMEK
Cihanbeyli;KARABAĞ;BUĞDAY, ARPA
Cihanbeyli;KELHASAN;BUĞDAY, ARPA, MERCİMEK, KİMYON, NOHUT
Cihanbeyli;KUŞCA;MISIR, BUĞDAY, ARPA, KİMYON
Cihanbeyli;KÜTÜKUŞAĞI;MISIR, BUĞDAY, ARPA, ŞEKER PANCARI
Cihanbeyli;TAŞPINAR;MISIR, BUĞDAY, AYÇİÇEĞİ, ŞEKER PANCARI
Cihanbeyli;BEYLİOVA;BUĞDAY, ARPA, AYÇİÇEĞİ
Cihanbeyli;ÇİMEN;BUĞDAY, ARPA
Cihanbeyli;ÇÖL;BUĞDAY, ARPA, ŞEKER PANCARI
Cihanbeyli;DAMLAKUYU;BUĞDAY, ARPA
Cihanbeyli;BULDUK;BUĞDAY, ASPİR, YULAF, ARPA
Cihanbeyli;BÜYÜKBEŞKAVAK;BUĞDAY, ARPA
Cihanbeyli;KARATEPE;BUĞDAY
Çumra;ARIKÖREN;MISIR, BUĞDAY
Çumra;DEDEMOĞLU;BUĞDAY, ARPA
Çumra;TÜRKMENCAMİLİ;MISIR, BUĞDAY, ARPA, ŞEKER PANCARI
Çumra;A.B.HÜYÜĞÜ;MISIR, BUĞDAY, ARPA, AYÇİÇEĞİ, ŞEKER PANCARI
Çumra;DİNEK;BUĞDAY, ARPA, KAVUN
Çumra;İÇERİÇUMRA;MISIR, BUĞDAY, KAVUN, ŞEKER PANCARI, FASULYE
Çumra;GÜVERCİNLİK;MISIR, BUĞDAY, DOMATES, ARPA
Çumra;KARKIN;MISIR, BUĞDAY, DOMATES, KAVUN, ŞEKER PANCARI, KANOLA
Çumra;OKÇU;MISIR, BUĞDAY, AYÇİÇEĞİ, ŞEKER PANCARI
Çumra;YENİSU;MISIR, BUĞDAY, KAVUN, FASULYE
Çumra;APA;MISIR, BUĞDAY, ARPA, ÇİLEK, FASULYE
Çumra;ABDİTOLU;MISIR, BUĞDAY, ŞEKER PANCARI
Çumra;ADAKALE;KAVUN
Çumra;ALEMDAR;ÇEREZLİK KABAK, ŞEKER PANCARI
Çumra;APASARAYCIK;BUĞDAY, ARPA, MERCİMEK, SUSAM
Çumra;AFŞAR;BUĞDAY, ARPA
Çumra;AVDUL;BUĞDAY, ARPA, ŞEKER PANCARI, FASULYE
Çumra;BALÇIKHİSAR;MISIR
Çumra;BEYLERCE;MISIR, BUĞDAY, ŞEKER PANCARI, FASULYE
Çumra;B.AŞLAMA;MISIR, AYÇİÇEĞİ, ŞEKER PANCARI
Çumra;CİCEK;BUĞDAY, ARPA
Çumra;ÇUKURKAVAK;BUĞDAY
Çumra;DİNLENDİK;MISIR, BUĞDAY, ARPA, ŞEKER PANCARI
Çumra;DİNEKSARAY;FASULYE
Çumra;DOĞANLI;KAVUN, FASULYE
Çumra;FETHİYE;MISIR, ŞEKER PANCARI
Çumra;GÖKHÜYÜK;MISIR, BUĞDAY, ŞEKER PANCARI
Çumra;ERENTEPE;MISIR, AYÇİÇEĞİ, FASULYE
Çumra;İNLİ;MISIR, ŞEKER PANCARI
Çumra;KUZUCU;MISIR, BUĞDAY, ARPA, AYÇİÇEĞİ, ŞEKER PANCARI
Çumra;KÜÇÜKKÖY;BUĞDAY, ARPA, ŞEKER PANCARI
Çumra;SEÇME;BUĞDAY, ARPA, KAVUN, ŞEKER PANCARI
Çumra;SÜRGÜÇ;MISIR, ŞEKER PANCARI
Çumra;TAHTALI;BUĞDAY, ARPA
Çumra;T.KARAHÜYÜK;MISIR, BUĞDAY, AYÇİÇEĞİ, ŞEKER PANCARI
Çumra;TAŞAĞIL;ŞEKER PANCARI
Çumra;UZUNKUYU;MISIR, BUĞDAY, AYÇİÇEĞİ, ŞEKER PANCARI
Çumra;ÜÇHÜYÜK;BUĞDAY, ARPA, ŞEKER PANCARI, FASULYE
Çumra;ÜRÜNLÜ;MISIR, BUĞDAY, ŞEKER PANCARI
Çumra;YÖRÜKCAMİLİ;BUĞDAY, ARPA
Çumra;ÇAYBAŞI;MISIR, BUĞDAY, DOMATES, ŞEKER PANCARI, FASULYE
Derbent;ÇİFTLİKÖZÜ;MISIR, BUĞDAY, PATATES, ŞEKER PANCARI, FASULYE
Derbent;DEĞİŞ;BUĞDAY, ARPA
Derbent;TEKKE;BUĞDAY, ARPA, NOHUT
Derbent;GÜNEYKÖY;PATATES, SOĞAN, FASULYE
Derbent;MÜLAYİM;BUĞDAY, ARPA, NOHUT
Derbent;SARAYPINAR;BUĞDAY, ELMA, ARPA, KİRAZ, VİŞNE
Derbent;YASSIÖREN;BUĞDAY, HAŞHAŞ, ARPA, NOHUT
Derbent;SÜLEYMAN;BUĞDAY, ŞEKER PANCARI, FASULYE
Derbent;KARALAR;PATATES, ÇİLEK, FASULYE
Derebucak;ÇAMLIK;ELMA, PATATES, NOHUT, FASULYE
Derebucak;DURAK;BUĞDAY, DOMATES, CEVİZ
Derebucak;GENCEK;ÇİLEK
Derebucak;GÖYNEM;ÇİLEK, FASULYE
Derebucak;PINARBAŞI;ÇİLEK, FASULYE
Derebucak;TAŞLIPINAR;BUĞDAY, DOMATES, ARPA
Derebucak;TEPEARASI;KİRAZ
Derebucak;UĞURLU;PATATES, FASULYE
Doğanhisar;BAŞKÖY;ELMA, HAŞHAŞ, ÇİLEK, VİŞNE
Doğanhisar;YAZLICA;BUĞDAY, ELMA, HAŞHAŞ, PATATES, FASULYE
Doğanhisar;AYASLAR;BUĞDAY, ARPA, KİRAZ, ÇİLEK, VİŞNE, PATLICAN
Doğanhisar;ÇINAROBA;BUĞDAY, HAŞHAŞ, ÇİLEK, VİŞNE, FASULYE
Doğanhisar;DEŞTİĞİN;PATATES, ÇİLEK, PATLICAN
Doğanhisar;FIRINLI;BUĞDAY, ARPA, ÇİLEK
Doğanhisar;GÜVENDİK;BUĞDAY, ÇİLEK
Doğanhisar;İLYASLAR;ÇİLEK, PATLICAN
Doğanhisar;KARAAĞA;BUĞDAY, HAŞHAŞ, ARPA, ŞEKER PANCARI
Doğanhisar;KEMER;BUĞDAY, ARPA
Doğanhisar;KOÇAŞ;BUĞDAY, ARPA, MERCİMEK, NOHUT
Doğanhisar;KONAKKALE;ÇİLEK
Doğanhisar;TEKKE;BUĞDAY, PATATES, VİŞNE, FASULYE
Doğanhisar;UNCULAR;MISIR, BUĞDAY, YONCA, ARPA, ÇİLEK
Doğanhisar;YAZIR;BUĞDAY, ARPA
Doğanhisar;YENİCE;BUĞDAY, ARPA, ÇİLEK, ŞEKER PANCARI, FASULYE
Emirgazi;EKİZLİ;BUĞDAY, ÜZÜM, ARPA, NOHUT
Emirgazi;AKMESCİT;BUĞDAY, ARPA
Emirgazi;BESCİ;BUĞDAY, ARPA
Emirgazi;DEMİRCİ;BUĞDAY, ÇAVDAR, ARPA
Emirgazi;GÖLÖREN;BUĞDAY, ARPA
Emirgazi;IŞIKLAR;MISIR, BUĞDAY, ARPA
Emirgazi;KARAÖREN;BUĞDAY, ARPA
Emirgazi;MEŞELİ;BUĞDAY, ARPA
Emirgazi;ÖBEKTAŞ;BUĞDAY, ARPA
Emirgazi;YAMAÇ;MISIR, BUĞDAY, ARPA
Ereğli;ZENGEN;MISIR, BUĞDAY, YONCA, KAVUN, ŞEKER PANCARI
Ereğli;ACIPINAR;MISIR, AYÇİÇEĞİ
Ereğli;ADABAĞ;AYÇİÇEĞİ
Ereğli;AKHÜYÜK;MISIR, AYÇİÇEĞİ
Ereğli;ALHAN;MISIR
Ereğli;AŞAĞI GÖNDELEN;MISIR, ARPA, ŞEKER PANCARI
Ereğli;AŞIKLAR;MISIR, BUĞDAY, ÇAVDAR
Ereğli;AZİZİYE;MISIR, ŞEKER PANCARI
Ereğli;BAHÇELİ;MISIR, AYÇİÇEĞİ
Ereğli;BELCEAĞAÇ;MISIR, BUĞDAY, ARPA, ŞEKER PANCARI
Ereğli;BELKAYA;MISIR, BUĞDAY, YONCA
Ereğli;BEYKÖY;MISIR, AYÇİÇEĞİ
Ereğli;BEYÖREN;BUĞDAY, ARPA, SİYAH HAVUÇ
Ereğli;BULGURLUK;MISIR, AYÇİÇEĞİ
Ereğli;BURHANİYE;MISIR
Ereğli;BÜYÜKDEDE;BUĞDAY, ARPA, KİRAZ
Ereğli;ÇAKMAK;MISIR, BUĞDAY, ARPA
Ereğli;ÇAYHAN;BUĞDAY, KİMYON, NOHUT
Ereğli;ÇİLLER;MISIR, BUĞDAY, ŞEKER PANCARI
Ereğli;ÇİMENCİK;MISIR, BUĞDAY, YONCA, DOMATES, ARPA
Ereğli;GAYBİ;BUĞDAY, ARPA, KİRAZ, NOHUT
Ereğli;GÖKÇEYAZI;MISIR, YONCA, KİRAZ
Ereğli;GÖKTÖME;MISIR, ŞEKER PANCARI
Ereğli;HACIMEMİŞ;MISIR, DOMATES, KİRAZ, ŞEKER PANCARI
Ereğli;KAMIŞLIKUYU;MISIR, BUĞDAY, ARPA, ŞEKER PANCARI
Ereğli;KARABURUN;MISIR, BUĞDAY, ARPA
Ereğli;KARGACI;MISIR, ŞEKER PANCARI
Ereğli;KIZILGEDİK;BUĞDAY, ARPA
Ereğli;KUSKUNCUK;MISIR, BUĞDAY, ARPA, AYÇİÇEĞİ
Ereğli;KUTÖREN;BUĞDAY, ELMA, ARPA
Ereğli;KUZUKUYU;MISIR, BUĞDAY, SİYAH HAVUÇ, ŞEKER PANCARI
Ereğli;MELİCEK;MISIR, BUĞDAY, ARPA
Ereğli;ORHANİYE;MISIR, BUĞDAY, ARPA, KİRAZ
Ereğli;ÖZGÜRLER;MISIR, BUĞDAY, ŞEKER PANCARI
Ereğli;PINARÖZÜ;MISIR, BUĞDAY, DOMATES, ARPA
Ereğli;SARICA;KİRAZ
Ereğli;SARITOPALLI;MISIR
Ereğli;SELVİLİ;MISIR, DOMATES, ŞEKER PANCARI, HAVUÇ
Ereğli;TAŞAĞIL;MISIR, AYÇİÇEĞİ
Ereğli;TAŞBUDAK;BUĞDAY, DOMATES, ARPA
Ereğli;TATLIKUYU;MISIR, BUĞDAY, ARPA
Ereğli;TÜRKMEN;MISIR, AYÇİÇEĞİ
Ereğli;ULUMEŞE;MISIR, BUĞDAY, ARPA, FASULYE
Ereğli;YAZLIK;MISIR, ÜZÜM, ÇEMEN, KİRAZ, VİŞNE
Ereğli;YELLİCE;MISIR, ARPA
Ereğli;YENİKÖY;MISIR, KAVUN, ŞEKER PANCARI
Ereğli;YILDIZLI;ELMA, KİRAZ, BEYAZ KİRAZ
Ereğli;YUKARIGÖNDELEN;MISIR, AYÇİÇEĞİ, ŞEKER PANCARI
Ereğli;HORTU;MISIR, BUĞDAY, DOMATES, SİYAH HAVUÇ, ŞEKER PANCARI
Ereğli;ACIKUYU;MISIR, ŞEKER PANCARI, KANOLA
Güneysınır;GÜRAĞAÇ;BUĞDAY, ARPA
Güneysınır;AĞAÇOBA;BUĞDAY, ÜZÜM, NOHUT, FASULYE
Güneysınır;ALANÖZÜ;MISIR, ÜZÜM, DOMATES, ARPA
Güneysınır;AVCITEPE;BUĞDAY, ARPA
Güneysınır;AYDOĞMUŞ;BUĞDAY, ARPA
Güneysınır;HABİLLER;BUĞDAY, ÜZÜM, ARPA, KİRAZ, NOHUT
Güneysınır;KARAGÜNEY;BUĞDAY, ÜZÜM, FASULYE
Güneysınır;KAYAAĞZI;MISIR, BUĞDAY, NOHUT
Güneysınır;KIZILÖZ;BUĞDAY, FASULYE
Güneysınır;KURUKAVAK;BUĞDAY, ARPA
Güneysınır;MEHMET ALİ;BUĞDAY, NOHUT, FASULYE
Güneysınır;ÖMEROĞLU;BUĞDAY, DOMATES, ARPA
Güneysınır;ÖRENBOYALI;ŞALGAM, FASULYE
Güneysınır;SARIHACI;ÜZÜM, ÇİLEK
Hadim;AŞAĞIEŞENLER;ÜZÜM, ÇİLEK
Hadim;AŞAĞIKIZILKAYA;SARIMSAK
Hadim;BADEMLİ;ÜZÜM, KİRAZ, CEVİZ
Hadim;BAĞBAŞI;ÜZÜM
Hadim;BEYRELİ;KİRAZ
Hadim;BOLAT;ELMA, ÜZÜM, KİRAZ
Hadim;ÇİFTEPINAR;KİRAZ
Hadim;DEDEMLİ;ÜZÜM, KİRAZ
Hadim;DÜLGERLER;KİRAZ
Hadim;FAKILAR;KİRAZ
Hadim;GAZİLER;KİRAZ
Hadim;GÖYNÜKKIŞLA;ÜZÜM, KİRAZ
Hadim;GÜLPINAR;KİRAZ, ÇİLEK
Hadim;İĞDEÖREN;KİRAZ
Hadim;KALINAĞIL;ELMA, ÜZÜM, KİRAZ
Hadim;KAPLANLI;ÜZÜM
Hadim;GEZLEVİ;ELMA, DOMATES, PATATES, KİRAZ, SALATALIK
Hadim;KÜPLÜCE;KİRAZ
Hadim;ODUNCU;PATATES, SARIMSAK
Hadim;SARNIÇ;KİRAZ
Hadim;SELAHATTİN;ÜZÜM, KİRAZ
Hadim;UMURLAR;ÜZÜM, KİRAZ
Hadim;YAĞCI;ELMA, ÜZÜM, KİRAZ
Hadim;YALINÇEVRE;ÜZÜM, KİRAZ
Hadim;YELMEZ;ÜZÜM, KİRAZ
Hadim;YENİKONAK;ÜZÜM, KİRAZ
Hadim;YUKARIEŞENLER;ÜZÜM, KİRAZ
Halkapınar;İVRİZ;KİRAZ
Halkapınar;BÜYÜKDOĞAN;ELMA, ÜZÜM, KİRAZ
Halkapınar;DEDELİ;BUĞDAY
Halkapınar;DELİMAHMUTLU;KİRAZ
Halkapınar;ESKİHİSAR;KİRAZ
Halkapınar;KARAYUSUFLU;KİRAZ, PATLICAN
Halkapınar;KAYASARAY;ÜZÜM, KİRAZ
Halkapınar;KÖRLÜ;BUĞDAY, KİRAZ, CEVİZ
Halkapınar;KÜSERE;KİRAZ, CEVİZ
Halkapınar;OSMANKÖSELİ;KİRAZ, CEVİZ
Halkapınar;SEYDİFAKILI;ARPA
Halkapınar;YASSIKAYA;ARPA
Halkapınar;YAYIKLI;ÜZÜM, PATATES, CEVİZ, FASULYE
Halkapınar;YEŞİLYURT;MISIR
Halkapınar;ÇAKILLAR;KİRAZ
Hüyük;BAŞLAMIŞ;ÇİLEK
Hüyük;BUDAK;BUĞDAY, KİRAZ, ŞEKER PANCARI, NOHUT
Hüyük;BURUNSUZ;BUĞDAY, MERCİMEK, NOHUT
Hüyük;ÇAMLICA;BUĞDAY, ARPA, AYÇİÇEĞİ, ÇİLEK
Hüyük;ÇAVUŞ;BUĞDAY, ARPA, ÇİLEK, MERCİMEK, NOHUT
Hüyük;ÇUKURKENT;BUĞDAY, PATLICAN
Hüyük;DEĞİRMENALTI;ÇİLEK, NOHUT, FASULYE
Hüyük;GÖÇERİ;ÇİLEK
Hüyük;GÖRÜNMEZ;DOMATES, ÇİLEK, CEVİZ, BİBER, SOĞAN
Hüyük;İLMEN;KİRAZ, ÇİLEK, VİŞNE
Hüyük;İMRENLER;BUĞDAY, ARPA, MERCİMEK
Hüyük;KIRELİ;BUĞDAY, HAŞHAŞ, ARPA, KİRAZ, CEVİZ, ŞEKER PANCARI, NOHUT
Hüyük;KÖŞK;BUĞDAY, ELMA, ÇİLEK, MERCİMEK, ŞEKER PANCARI, NOHUT
Hüyük;MUTLU;BUĞDAY, ARPA, ÇİLEK
Hüyük;PINARBAŞI;BUĞDAY, DOMATES, KİRAZ, ÇİLEK, FASULYE
Hüyük;SELKİ;BUĞDAY, ARPA, ÇİLEK
Hüyük;SULUDERE;BUĞDAY, ARPA, ÇİLEK
Hüyük;TOLCA;BUĞDAY, ARPA, ŞEKER PANCARI, NOHUT
Hüyük;YENİCE;BUĞDAY, ARPA, MERCİMEK, ŞEKER PANCARI, NOHUT
Ilgın;ARGITHANI;BUĞDAY, ASPİR, ARPA, ŞEKER PANCARI, NOHUT
Ilgın;BEYKONAK;BUĞDAY, HAŞHAŞ, ŞEKER PANCARI, NOHUT
Ilgın;ÇAVUŞÇUGÖL;HAŞHAŞ, ŞEKER PANCARI, ÇÖREK OTU
Ilgın;AĞALAR;MISIR, BUĞDAY, YONCA, HAŞHAŞ
Ilgın;BALKI;BUĞDAY, YULAF, ARPA
Ilgın;BARAKMUSLU;BUĞDAY, HAŞHAŞ, ARPA, SOĞAN
Ilgın;BELEKLER;YULAF, PATATES, ARPA, NOHUT
Ilgın;BOĞAZKENT;BUĞDAY, ELMA, HAŞHAŞ, ARPA, AYÇİÇEĞİ, ŞEKER PANCARI, FASULYE
Ilgın;BULCUK;MISIR, BUĞDAY, ELMA, ARPA, ŞEKER PANCARI, NOHUT
Ilgın;BÜYÜKOBA;BUĞDAY, ARPA
Ilgın;ÇİĞİL;BUĞDAY, SOĞAN, ŞEKER PANCARI, NOHUT, FASULYE
Ilgın;ÇATAK;BUĞDAY, ARPA, NOHUT
Ilgın;ÇOBANKAYA;BUĞDAY, ARPA
Ilgın;ÇÖMLEKCİ;BUĞDAY, YULAF, ARPA
Ilgın;DEREKÖY;BUĞDAY, ARPA
Ilgın;DIĞRAK;BUĞDAY, ARPA, NOHUT
Ilgın;DÜĞER;BUĞDAY, ARPA, NOHUT
Ilgın;ELDEŞ;BUĞDAY, ARPA, ŞEKER PANCARI
Ilgın;GEÇİT;BUĞDAY, ASPİR, ARPA, AYÇİÇEĞİ
Ilgın;GEDİKÖREN;MISIR, BUĞDAY, YULAF, ARPA, ŞEKER PANCARI
Ilgın;GÖSTERE;ELMA, YULAF, HAŞHAŞ, PATATES, NOHUT
Ilgın;GÖKÇEYURT;MISIR, BUĞDAY, ELMA, DOMATES
Ilgın;GÖLYAKA;BUĞDAY, YULAF, ARPA
Ilgın;GÖKBUDAK;PATATES, ÇİLEK, NOHUT, FASULYE
Ilgın;GÜNEYPINAR;BUĞDAY, HAŞHAŞ, DOMATES, ARPA, KİRAZ, BİBER, KAYISI
Ilgın;HARMANYAZI;MISIR, BUĞDAY, YONCA, HAŞHAŞ, ARPA, ŞEKER PANCARI, NOHUT
Ilgın;İHSANİYE;BUĞDAY, ARPA, MERCİMEK
Ilgın;KAPAKLI;MISIR, BUĞDAY, ARPA
Ilgın;KARAKÖY;BUĞDAY, YULAF, HAŞHAŞ, ARPA, KİMYON, NOHUT, ÇÖREK OTU, ANASON
Ilgın;KALEKÖY;BUĞDAY, ARPA
Ilgın;MAHMUTHİSAR;MISIR, BUĞDAY, ELMA, ARPA, KİRAZ, ŞEKER PANCARI, NOHUT, FASULYE
Ilgın;MECİDİYE;BUĞDAY, ASPİR, HAŞHAŞ, ŞEKER PANCARI
Ilgın;MİSAFİRLİ;MISIR, BUĞDAY, ARPA
Ilgın;OLUKPINAR;MISIR, BUĞDAY, YONCA, ARPA
Ilgın;ORHANİYE;MISIR, YONCA, PATLICAN
Ilgın;ORMANÖZÜ;BUĞDAY, HAŞHAŞ, ARPA, AYÇİÇEĞİ, FASULYE
Ilgın;SADIKKÖY;MISIR, HAŞHAŞ, ŞEKER PANCARI
Ilgın;SEBİLLER;BUĞDAY, HAŞHAŞ, ARPA
Ilgın;TEKELER;BUĞDAY, YULAF, ÇAVDAR, ARPA
Ilgın;YUKARIÇİĞİL;MISIR, BUĞDAY, HAŞHAŞ, ÇİLEK, ŞEKER PANCARI
Ilgın;YORAZLAR;MISIR, BUĞDAY, ARPA, ŞEKER PANCARI
Ilgın;ZAFERİYE;MISIR, YONCA, HAŞHAŞ, ARPA
Ilgın;AVDAN;BUĞDAY, ASPİR, ARPA
Kadınhanı;OSMANCIK;BUĞDAY, YONCA, ARPA
Kadınhanı;AFŞARLI;BUĞDAY, ARPA, ŞEKER PANCARI
Kadınhanı;ALABAĞ;BUĞDAY, ARPA
Kadınhanı;ATLANTI;BUĞDAY, ARPA, AYÇİÇEĞİ
Kadınhanı;BAKIRPINAR;MISIR, BUĞDAY, YONCA, ARPA, ŞEKER PANCARI
Kadınhanı;BAŞKUYU;MISIR, BUĞDAY, PATATES
Kadınhanı;BAYRAMLI;BUĞDAY, ARPA, ŞEKER PANCARI, FASULYE
Kadınhanı;BEYKAVAĞI;BUĞDAY, ARPA, VİŞNE, FASULYE
Kadınhanı;BULGURPINAR;BUĞDAY, ARPA
Kadınhanı;ÇAVDAR;BUĞDAY, AYÇİÇEĞİ, ŞEKER PANCARI
Kadınhanı;ÇEŞMECİK;BUĞDAY, ARPA
Kadınhanı;ÇUBUK;BUĞDAY, ARPA
Kadınhanı;DEMİROLUK;BUĞDAY, ARPA
Kadınhanı;HACIMEHMETLİ;BUĞDAY, ARPA, ŞEKER PANCARI
Kadınhanı;HACIOFLAZLAR;BUĞDAY, YONCA, ARPA
Kadınhanı;HACIPİRLİ;BUĞDAY, ARPA, AYÇİÇEĞİ
Kadınhanı;KABACALI;BUĞDAY, ARPA
Kadınhanı;KAMIŞLIÖZÜ;BUĞDAY, ARPA
Kadınhanı;KARAHİSARLI;BUĞDAY, ARPA, ŞEKER PANCARI
Kadınhanı;KARAKURTLU;BUĞDAY, ARPA
Kadınhanı;KARASEVİNÇ;BUĞDAY, ARPA, NOHUT
Kadınhanı;KARAYÜRÜKLÜ;BUĞDAY, ARPA, ŞEKER PANCARI, FASULYE
Kadınhanı;KIZILKUYU;BUĞDAY, ARPA
Kadınhanı;KOLUKISA;MISIR, AYÇİÇEĞİ
Kadınhanı;KONURÖREN;MISIR, BUĞDAY, ARPA, AYÇİÇEĞİ
Kadınhanı;KÖKEZ;ŞEKER PANCARI, FASULYE
Kadınhanı;KÖYLÜTOLU;BUĞDAY, ARPA
Kadınhanı;KURTHASANLI;BUĞDAY, ARPA
Kadınhanı;KÜÇÜKKUYU;BUĞDAY, ARPA, ŞEKER PANCARI
Kadınhanı;MAHMUDİYE;BUĞDAY, HAŞHAŞ, ARPA
Kadınhanı;MEYDANLI;BUĞDAY, ARPA
Kadınhanı;ÖRNEK;BUĞDAY, ARPA, MERCİMEK
Kadınhanı;PİRALİ;BUĞDAY, ARPA
Kadınhanı;PUSAT;MISIR, BUĞDAY, ARPA, ŞEKER PANCARI, NOHUT
Kadınhanı;SAÇIKARA;MISIR, BUĞDAY, ARPA, AYÇİÇEĞİ
Kadınhanı;SARIKAYA;BUĞDAY, ARPA
Kadınhanı;SÖĞÜTÖZÜ;BUĞDAY, ARPA
Kadınhanı;ŞAHÖREN;BUĞDAY, ARPA
Kadınhanı;TOSUNOĞLU;BUĞDAY, ARPA, ŞEKER PANCARI
Kadınhanı;YAĞLICA;BUĞDAY, ARPA
Kadınhanı;YAYLAYAKA;BUĞDAY, ARPA, ŞEKER PANCARI, NOHUT
Karapınar;HOTAMIŞ;MISIR, BUĞDAY, AYÇİÇEĞİ
Karapınar;KESMEZ;KAVUN, HIRTLAK
Karapınar;AKÇAYAZI;BUĞDAY, ARPA
Karapınar;AKÖREN;DOMATES, HAVUÇ
Karapınar;ÇİĞİL;MISIR, BUĞDAY, ARPA
Karapınar;HASANOBA;MISIR, BUĞDAY, ARPA, AYÇİÇEĞİ, ŞEKER PANCARI
Karapınar;İSLİK;MISIR, AYÇİÇEĞİ, ŞEKER PANCARI
Karapınar;KARAKIŞLA;MISIR, BUĞDAY, PATATES
Karapınar;KAYACIK;MISIR
Karapınar;KAYALI;BUĞDAY, YONCA, ARPA, ŞEKER PANCARI
Karapınar;KAZANHÜYÜĞÜ;MISIR, BUĞDAY, YONCA, ARPA, ŞEKER PANCARI
Karapınar;KÜÇÜKAŞLAMA;MISIR, AYÇİÇEĞİ
Karapınar;ORTAOBA;MISIR, BUĞDAY, AYÇİÇEĞİ, ŞEKER PANCARI
Karapınar;OYMALI;BUĞDAY, DOMATES, ARPA, HAVUÇ
Karapınar;SAZLIPINAR;MISIR, BUĞDAY, YONCA, ARPA, AYÇİÇEĞİ, ŞEKER PANCARI
Karapınar;YAĞMAPINAR;DOMATES, BİBER
Karapınar;YENİKUYU;MISIR, BUĞDAY, ŞEKER PANCARI
Karapınar;YEŞİLYURT;MISIR, BUĞDAY, YONCA, ARPA
Karatay;YARMA;MISIR, BUĞDAY, ARPA, AYÇİÇEĞİ, ŞEKER PANCARI
Karatay;ACIDORT;BUĞDAY, ARPA
Karatay;AĞSAKLI;BUĞDAY
Karatay;AKBAŞ;MISIR, BUĞDAY
Karatay;AKÖRENKIŞLA;MISIR, BUĞDAY, AYÇİÇEĞİ
Karatay;BAKIRTOLU;BUĞDAY, AYÇİÇEĞİ
Karatay;BAŞGÖTÜREN;MISIR, AYÇİÇEĞİ
Karatay;BEŞAĞIL;BUĞDAY
Karatay;BÜYÜKBURNAK;BUĞDAY, AYÇİÇEĞİ
Karatay;ÇENGİLTİ;BUĞDAY
Karatay;DİVANLAR;BUĞDAY, ARPA
Karatay;ESENTEPE;MISIR, BUĞDAY
Karatay;GÖÇÜ;BUĞDAY, ARPA
Karatay;HAYIROĞLU MERKEZ;BUĞDAY, ARPA
Karatay;İPEKLER;MISIR, BUĞDAY, ARPA, AYÇİÇEĞİ
Karatay;İSMİL;AYÇİÇEĞİ
Karatay;KARADONA;BUĞDAY, ARPA
Karatay;KARAKAYA;BUĞDAY, ARPA
Karatay;KATRANCI;BUĞDAY
Karatay;KIZÖREN;BUĞDAY
Karatay;KÖSEALİ;ŞEKER PANCARI
Karatay;OBRUK;BUĞDAY
Karatay;OVAKAVAĞI;AYÇİÇEĞİ, ŞEKER PANCARI
Karatay;SAKYATAN;BUĞDAY, ARPA
Karatay;SÜRÜÇ;MISIR, BUĞDAY, ŞEKER PANCARI
Karatay;ŞATIR;MISIR, BUĞDAY, ARPA, ŞEKER PANCARI
Karatay;YAĞLIBAYAT;BUĞDAY, ARPA, ŞEKER PANCARI
Karatay;YAVŞANKUYU;MISIR, BUĞDAY, ARPA, AYÇİÇEĞİ
Karatay;YENİCE;BUĞDAY, AYÇİÇEĞİ, ŞEKER PANCARI
Karatay;YENİKENT;BUĞDAY, YONCA
Karatay;ZİNCİRLİ;BUĞDAY, ARPA
Kulu;ACIKUYU;BUĞDAY, ARPA
Kulu;AĞILBAŞI;BUĞDAY, ARPA, NOHUT, PATLICAN
Kulu;ALTILAR;BUĞDAY, ARPA, NOHUT
Kulu;ARŞINCA;BUĞDAY, ARPA, MERCİMEK
Kulu;BEŞKARDEŞ;BUĞDAY, ARPA, MERCİMEK, KİMYON
Kulu;BOĞAZÖREN;BUĞDAY, YULAF, ARPA, KİMYON
Kulu;BOZAN;BUĞDAY, ARPA, MERCİMEK, KİMYON
Kulu;BURUNAĞIL;BUĞDAY, ARPA, KİMYON
Kulu;CANIMANA;BUĞDAY, ARPA
Kulu;CELEP;BUĞDAY, ARPA
Kulu;DİPDEDE;BUĞDAY, ARPA
Kulu;DOĞUTEPE;BUĞDAY, ARPA, KİMYON, NOHUT
Kulu;FEVZİYE;BUĞDAY, ARPA
Kulu;GÖKLER;BUĞDAY, ARPA
Kulu;GÜZELYAYLA;BUĞDAY, ARPA, KİMYON
Kulu;HİSAR;BUĞDAY, ARPA, MERCİMEK, KİMYON
Kulu;KARACADAĞ;BUĞDAY, ARPA, MERCİMEK, KİMYON, NOHUT
Kulu;KARACADERE;BUĞDAY, YULAF, ARPA, KİMYON
Kulu;KIRKKUYU;BUĞDAY, ARPA, MERCİMEK
Kulu;KIRKPINAR;BUĞDAY, ARPA
Kulu;KOZANLI;ARPA, KİMYON, ŞEKER PANCARI
Kulu;KÖMÜŞİNİ;BUĞDAY, ARPA, KİMYON
Kulu;KÖŞKER;MISIR, BUĞDAY, YULAF, NOHUT
Kulu;SARIYAYLA;BUĞDAY, ARPA, MERCİMEK, KİMYON
Kulu;SEYİTAHMETLİ;BUĞDAY, ARPA, NOHUT
Kulu;SOĞUKKUYU;BUĞDAY, ARPA, KİMYON
Kulu;ŞEREFLİ;MISIR, BUĞDAY, ARPA, KİMYON, NOHUT
Kulu;TAVLIÖREN;BUĞDAY, ARPA, NOHUT
Kulu;ÖMERANLI;BUĞDAY, ARPA, KİMYON
Kulu;TUZYAKA;BUĞDAY, MERCİMEK
Kulu;YARAŞLI;BUĞDAY, ARPA
Kulu;YAZIÇAYIR;BUĞDAY, ARPA
Kulu;YEŞİLTEPE;BUĞDAY, ARPA
Kulu;YEŞİLYURT;BUĞDAY, ARPA
Kulu;ZİNCİRLİKUYU;BUĞDAY, ARPA, KİMYON
Kulu;BAHADIRLI;BUĞDAY, ŞEKER PANCARI
Kulu;DEĞİRMENÖZÜ;BUĞDAY, ARPA
Meram;ERENKAYA;BUĞDAY, ARPA
Meram;YATAĞAN;BUĞDAY, ARPA
Meram;GÖKYURT;BUĞDAY, ELMA, ÜZÜM, PATATES, SOĞAN
Meram;BAYAT;BUĞDAY, ARPA
Meram;BORUKTOLU;MISIR, DOMATES, PATATES, BİBER
Meram;BOTSA;BUĞDAY, DOMATES, PATATES, ARPA, ŞEKER PANCARI, NOHUT, FASULYE
Meram;ÇAYIRBAĞI;BUĞDAY, FASULYE, PATLICAN
Meram;ÇOMAKLAR;BUĞDAY, PATATES, NOHUT, FASULYE
Meram;ÇUKURÇİMEN;KİRAZ, PATLICAN
Meram;EVLİYATEKKE;ÇİLEK
Meram;HATUNSARAY;MISIR, BUĞDAY, PATATES, ARPA, PATLICAN
Meram;İKİPINAR;BUĞDAY, PATATES, KANOLA, FASULYE
Meram;İLYASBABA;BUĞDAY, ARPA
Meram;İNLİCE;BUĞDAY, PATATES, ARPA
Meram;KARAAĞAÇ;BUĞDAY, ARPA
Meram;KAVAK;BUĞDAY, ARPA, ŞEKER PANCARI
Meram;KAYADİBİ;PATATES, ŞEKER PANCARI
Meram;KAYALI;BUĞDAY, ARPA
Meram;KAYHÜYÜK;BUĞDAY, ARPA
Meram;KIZILÖREN;DOMATES, PATATES, ÇİLEK, PATLICAN
Meram;KUMRALI;BUĞDAY, DOMATES, ARPA, BİBER
Meram;SADIKLAR;PATATES, NOHUT
Meram;SAĞLIK;PATATES, PATLICAN
Meram;SARIKIZ;BUĞDAY, ARPA, PATLICAN
Meram;SEFAKÖY;BUĞDAY, ARPA
Meram;YEŞİLDERE;BUĞDAY, PATATES, FASULYE, PATLICAN
Meram;YEŞİLTEKKE;PATATES, SOĞAN, FASULYE
Meram;KAŞINHANI;HAVUÇ, KIRMIZI LAHANA, PIRASA, TURP, MARUL, LAHANA
Sarayönü;LADİK;BUĞDAY, YULAF, ARPA, NOHUT
Sarayönü;BAHÇESARAY;BUĞDAY, ARPA
Sarayönü;BAŞHÜYÜK;BUĞDAY, ARPA, ŞEKER PANCARI
Sarayönü;BOYALI;BUĞDAY, ARPA
Sarayönü;BÜYÜKZENGİ;BUĞDAY, ELMA, ARPA, ŞEKER PANCARI, FASULYE
Sarayönü;ÇEŞMELİSEBİL;BUĞDAY, ARPA
Sarayönü;DEĞİRMENLİ;BUĞDAY, ARPA, ŞEKER PANCARI, NOHUT, FASULYE
Sarayönü;ERTUĞRUL;BUĞDAY, DOMATES, ARPA, FASULYE
Sarayönü;GÖZLÜ;BUĞDAY, ARPA, ŞEKER PANCARI
Sarayönü;KADIOĞLU;BUĞDAY, ARPA
Sarayönü;KARABIYIK;BUĞDAY, ARPA
Sarayönü;KARATEPE;MISIR, BUĞDAY, ARPA, ŞEKER PANCARI, FASULYE
Sarayönü;KAYIÖREN;BUĞDAY, ARPA
Sarayönü;KONAR;BUĞDAY, ARPA
Sarayönü;KURŞUNLU;BUĞDAY, YULAF, ARPA
Sarayönü;KUYULUSEBİL;BUĞDAY, ARPA, ŞEKER PANCARI
Sarayönü;ÖZKENT;MISIR, BUĞDAY, ARPA, FASULYE
Sarayönü;YENİCEKAYA;BUĞDAY, ARPA
Selçuklu;BAŞARAKAVAK;PATATES, NOHUT, FASULYE
Selçuklu;hasan;BEYAZ KİRAZ
Selçuklu;SARAYKÖY;BUĞDAY, ARPA, NOHUT, PATLICAN
Selçuklu;SULUTAS;BUĞDAY, ARPA
Selçuklu;TATKÖY;BUĞDAY, ARPA
Selçuklu;AKPINAR;BUĞDAY, ARPA
Selçuklu;BAĞRIKURT;BUĞDAY, ARPA
Selçuklu;BİÇER;NOHUT
Selçuklu;ÇALDERE;MISIR, BUĞDAY, ARPA
Selçuklu;ÇALTI;MISIR, BUĞDAY, ARPA, AYÇİÇEĞİ, ŞEKER PANCARI
Selçuklu;ÇANDIR;BUĞDAY, ARPA, PATLICAN
Selçuklu;DAĞDERE;MISIR, BUĞDAY, ARPA
Selçuklu;EĞRİBAYAT;BUĞDAY, ARPA, AYÇİÇEĞİ, ŞEKER PANCARI
Selçuklu;GÜVENÇ;MISIR, AYÇİÇEĞİ, ŞEKER PANCARI
Selçuklu;KALE;BUĞDAY, ARPA, ŞEKER PANCARI, PATLICAN
Selçuklu;KARAÖMERLER;AYÇİÇEĞİ, ŞEKER PANCARI
Selçuklu;KERVAN;BUĞDAY, ARPA
Selçuklu;KINIK;BUĞDAY, ARPA
Selçuklu;KIZILCAKUYU;BUĞDAY, ARPA
Selçuklu;MEYDAN;BUĞDAY, ARPA
Selçuklu;SELAHATTİN;BİBER
Selçuklu;SIZMA;BUĞDAY, PATATES, ARPA
Selçuklu;TEPEKENT;ÇİLEK
Selçuklu;ULUMUHSİNE;BUĞDAY, ARPA
Selçuklu;YAZIBELEN;MISIR, ŞEKER PANCARI, FASULYE
Selçuklu;SİLLE;ÜZÜM
Selçuklu;ARDIÇLI;BUĞDAY, YULAF, ARPA
Selçuklu;AŞAĞIPINARBAŞI;BUĞDAY, ARPA, AYÇİÇEĞİ, ŞEKER PANCARI
Selçuklu;YUKARIPINARBAŞI;BUĞDAY, ARPA, ŞEKER PANCARI
Selçuklu;KÜÇÜKMUHSİNE;BUĞDAY, ARPA
Selçuklu;SARICALAR;BUĞDAY, ARPA, AYÇİÇEĞİ, ŞEKER PANCARI
Selçuklu;TÖMEK;BUĞDAY, YONCA, ARPA, AYÇİÇEĞİ
Selçuklu;YÜKSELEN;BUĞDAY, ARPA
Selçuklu;Mehmet Fatih;
Seydişehir;KESECİK;BUĞDAY, ÇEREZLİK KABAK, ŞEKER PANCARI
Seydişehir;AKÇALAR;PATATES, ÇEREZLİK KABAK, ŞEKER PANCARI
Seydişehir;AŞAĞIKARAÖREN;MISIR, BUĞDAY, ÇEREZLİK KABAK, AYÇİÇEĞİ, ŞEKER PANCARI, KABAK
Seydişehir;BAŞKARAÖREN;MISIR, BUĞDAY, ÇEREZLİK KABAK, ARPA, AYÇİÇEĞİ, ŞEKER PANCARI
Seydişehir;BOSTANDERE;ŞEKER PANCARI, PATLICAN
Seydişehir;BOYALI;BUĞDAY, ÇEREZLİK KABAK, ARPA, ŞEKER PANCARI
Seydişehir;BÜKÇE;YOK
Seydişehir;ÇAT;BUĞDAY, PATATES, FASULYE
Seydişehir;ÇATMAKAYA;BUĞDAY, ARPA, FASULYE
Seydişehir;ÇAVUŞ;BUĞDAY, PATATES, ARPA
Seydişehir;DİKİLİTAŞ;BUĞDAY, PATATES, ARPA, ÇİLEK
Seydişehir;GEVREKLİ;BUĞDAY, PATATES, ŞEKER PANCARI, FASULYE
Seydişehir;GÖKÇEHÜYÜK;BUĞDAY, ÇEREZLİK KABAK, ARPA, ŞEKER PANCARI
Seydişehir;GÖKHÜYÜK;BUĞDAY, ÇEREZLİK KABAK, ŞEKER PANCARI
Seydişehir;GÖLYÜZÜ;ŞEKER PANCARI, NOHUT, FASULYE, PATLICAN
Seydişehir;IRMAKLI;BUĞDAY, ARPA, ŞEKER PANCARI
Seydişehir;İNCESU;BUĞDAY, ARPA, ŞEKER PANCARI
Seydişehir;KARABULAK;BUĞDAY, ŞEKER PANCARI
Seydişehir;KARACAÖREN;PATATES
Seydişehir;KAVAK;BUĞDAY
Seydişehir;KETENLİ;KİRAZ, ÇİLEK
Seydişehir;KIZILCA;BUĞDAY, FASULYE
Seydişehir;KOZLU;PATATES, FASULYE
Seydişehir;KUMLUCA;PATATES, KAVUN, ŞEKER PANCARI
Seydişehir;KURAN;ŞEKER PANCARI
Seydişehir;MADENLİ;BUĞDAY, ARPA
Seydişehir;MESUDİYE;ÇİLEK
Seydişehir;MURADİYE;BUĞDAY, ARPA, ŞEKER PANCARI
Seydişehir;OĞLAKÇI;DOMATES, BİBER, FASULYE
Seydişehir;ORTAKARAÖREN;MISIR, BUĞDAY, ARPA, ŞEKER PANCARI
Seydişehir;SARAYCIK;BUĞDAY, ELMA, DOMATES, PATATES, BİBER, SALATALIK
Seydişehir;SUSUZ;BUĞDAY, ARPA, ŞEKER PANCARI, FASULYE
Seydişehir;TARAŞÇI;DOMATES, SALATALIK
Seydişehir;TAŞAĞIL;BUĞDAY, YONCA, FASULYE
Seydişehir;TEPECİK;BUĞDAY, ARPA, NOHUT
Seydişehir;TOL;BUĞDAY, ARPA, ŞEKER PANCARI, PATLICAN
Seydişehir;UFACIK;BUĞDAY, ARPA
Seydişehir;YAYLACIK;ELMA, PATATES, ÇİLEK
Seydişehir;YENİCE;BUĞDAY, PATATES
Taşkent;AFŞAR;ELMA, ÜZÜM, KİRAZ, CEVİZ
Taşkent;BALCILAR;KİRAZ
Taşkent;BOLAY;ELMA, KİRAZ
Taşkent;ÇETMİ;ELMA, PATATES, KİRAZ
Taşkent;KECİMEN;ÜZÜM, ÇİLEK
Taşkent;KONGUL;KİRAZ
Taşkent;SAZAK;KİRAZ, VİŞNE
Taşkent;ILICAPINAR;BUĞDAY, ELMA, DOMATES, PATATES, KİRAZ, ÇİLEK
Tuzlukçu;KONARI;BUĞDAY, YULAF, ARPA, NOHUT
Tuzlukçu;MEVLÜTLÜ;BUĞDAY, ARPA
Tuzlukçu;KORAŞI;BUĞDAY, ARPA
Tuzlukçu;ÇÖĞÜRLÜ;ŞEKER PANCARI
Tuzlukçu;TURSUNLU;BUĞDAY, ARPA, ŞEKER PANCARI
Tuzlukçu;KUNDULLU;BUĞDAY, ARPA, MERCİMEK, NOHUT
Tuzlukçu;PAZARKAYA;BUĞDAY, ARPA
Tuzlukçu;SUBATAN;BUĞDAY, ARPA
Tuzlukçu;GÜRSU;BUĞDAY, ARPA
Tuzlukçu;ERDOĞDU;MISIR, BUĞDAY, HAŞHAŞ, ARPA, AYÇİÇEĞİ
Tuzlukçu;KÖKLÜCE;BUĞDAY, ARPA
Yalıhüyük;SARAY;BUĞDAY, ELMA, ARPA
Yalıhüyük;ARASÖĞÜT;BUĞDAY, ARPA
Yunak;KUZÖREN;BUĞDAY, ARPA, MERCİMEK, ŞEKER PANCARI, NOHUT
Yunak;KOÇYAZI;BUĞDAY, ARPA, ANASON
Yunak;TURGUT;MISIR, BUĞDAY, ARPA, ŞEKER PANCARI
Yunak;PİRİBEYLİ;BUĞDAY, ARPA
Yunak;SÜLÜKLÜ;BUĞDAY, ARPA, KİMYON
Yunak;ALTINÖZ;MISIR, PATATES, AYÇİÇEĞİ, ŞEKER PANCARI
Yunak;AYRITEPE;BUĞDAY, ARPA, ANASON
Yunak;BEŞIŞIKLI;BUĞDAY, ARPA, KİMYON
Yunak;CEBRAİL;BUĞDAY, ARPA, ANASON
Yunak;ÇAYIRBAŞI;BUĞDAY, ARPA, KİMYON, ÇÖREK OTU
Yunak;EĞRİKUYU;MISIR, HAŞHAŞ, AYÇİÇEĞİ, ŞEKER PANCARI
Yunak;HACIÖMEROĞLU;BUĞDAY, ARPA, SOĞAN
Yunak;HATIRLI;BUĞDAY, ARPA, MERCİMEK, NOHUT, FASULYE
Yunak;HACIFAKILI;MISIR, BUĞDAY, ŞEKER PANCARI
Yunak;HARUNLAR;BUĞDAY, ARPA, MERCİMEK
Yunak;HURSUNLU;BUĞDAY, ARPA, FASULYE
Yunak;İMAMOĞLU;MISIR, BUĞDAY, PATATES, ARPA, FASULYE
Yunak;KARGALI;BUĞDAY, ARPA, MERCİMEK, KİMYON
Yunak;KARAYAYLA;BUĞDAY, PATATES, ARPA, AYÇİÇEĞİ, KİMYON
Yunak;KILLAR;MISIR, BUĞDAY, ARPA, AYÇİÇEĞİ, ŞEKER PANCARI
Yunak;KURTUŞAĞI;BUĞDAY, ASPİR, ARPA, MERCİMEK, NOHUT
Yunak;KUYUBAŞI;MISIR, BUĞDAY, ARPA, AYÇİÇEĞİ, ŞEKER PANCARI
Yunak;MEŞELİK;BUĞDAY, ARPA
Yunak;ODABAŞI;BUĞDAY, ARPA, MERCİMEK, ŞEKER PANCARI
Yunak;ORTAKIŞLA;BUĞDAY, ARPA, SOĞAN
Yunak;ÖZYAYLA;MISIR, BUĞDAY, ARPA, AYÇİÇEĞİ, MERCİMEK, KİMYON
Yunak;SERTLER;BUĞDAY, ARPA, KİMYON, ŞEKER PANCARI
Yunak;SEVİNÇ;BUĞDAY, ARPA, KİMYON
Yunak;SIRAM;BUĞDAY, ARPA
Yunak;SİNANLI;BUĞDAY, KİMYON, NOHUT, FASULYE
Yunak;YAVAŞLI;MISIR, BUĞDAY, ARPA, AYÇİÇEĞİ, ŞEKER PANCARI
Yunak;YEŞİLOBA;MISIR, BUĞDAY, ARPA, ŞEKER PANCARI, FASULYE
Yunak;YEŞİLYAYLA;BUĞDAY, ARPA, FASULYE
Yunak;YIĞAR;MISIR, BUĞDAY, ARPA, AYÇİÇEĞİ
Yunak;SARAY;MISIR, BUĞDAY, AYÇİÇEĞİ
;;
