ilce_adi;mahalle_adi;sulanabilir_alanda_yetistirilen_urunler
Ahırlı;ALİÇERÇİ;YOK
Ahırlı;BADEMLİ;YOK
Ahırlı;BALIKLAVA;ELMA, KİRAZ, VİŞNE, ÇİLEK, ERİK
Ahırlı;BÜYÜKÖZ;BUĞDAY, ARPA
Ahırlı;ÇİFTLİK;FASULYE
Ahırlı;ERDOĞAN;ELMA, KİRAZ, ÜZÜM, DOMATES, BİBER, PATLICAN, PATATES
Ahırlı;KARACAKUYU;BUĞDAY, DOMATES, PATLICAN, PATATES
Ahırlı;KAYACIK;MISIR, ELMA, FASULYE
Ahırlı;KURUÇAY;DOMATES, PATATES
Ahırlı;KÜÇÜKÖZ;ELMA, ERİK
Akören;AVDAN;DOMATES, BİBER, PATLICAN, PATATES, SOĞAN
Akören;KAYASU;ELMA, KİRAZ, ÇİLEK, FASULYE, DOMATES, BİBER, PATLICAN, PATATES
Akören;AHMEDİYE;ŞEKER PANCARI, MISIR, AYÇİÇEĞİ, FASULYE
Akören;ALAN;YOK
Akören;BELKUYU;ELMA, KİRAZ
Akören;ÇATÖREN;ŞEKER PANCARI, MISIR, FASULYE, PATATES
Akören;DUTLU;YOK
Akören;ORHANİYE;ŞEKER PANCARI, MISIR, FASULYE, PATATES
Akören;SÜLEYMANİYE;BUĞDAY, ŞEKER PANCARI, MISIR, FASULYE, KAVUN, KARPUZ
Akören;TÜLCE;DOMATES, PATLICAN, PATATES, SOĞAN
Akören;KARAHÜYÜK;MISIR, YONCA, PATATES
Akşehir;ÇAKILLAR;KİRAZ, VİŞNE, ÇİLEK
Akşehir;GEDİL;BUĞDAY, FASULYE, HAŞHAŞ, DOMATES, SARIMSAK
Akşehir;KARAHÜYÜK;BUĞDAY, ŞEKER PANCARI, MISIR, DOMATES, SALATALIK
Akşehir;ADSIZ;ŞEKER PANCARI, VİŞNE, HAŞHAŞ
Akşehir;ALANYURT;KİRAZ, VİŞNE, ÇİLEK
Akşehir;ALTUNTAŞ;ŞEKER PANCARI, MISIR, HAŞHAŞ
Akşehir;ATAKENT;ELMA, KİRAZ, VİŞNE, ÇİLEK
Akşehir;BOZLAĞAN;HAŞHAŞ, DOMATES, BİBER, PATLICAN, PATATES
Akşehir;CANKURTARAN;ÇİLEK
Akşehir;ÇAMLI;MISIR, VİŞNE, ERİK
Akşehir;ÇİMENDERE;ŞEKER PANCARI, ÇİLEK, PATATES
Akşehir;DEĞİRMENKÖY;KİRAZ, VİŞNE
Akşehir;DOĞRUGÖZ;KİRAZ, VİŞNE, ÇİLEK, ERİK
Akşehir;ENGİLİ;KİRAZ, VİŞNE, ÜZÜM, DOMATES, BİBER, PATLICAN, PATATES
Akşehir;GÖLÇAYIR;ELMA, KİRAZ, VİŞNE
Akşehir;GÖZPINARI;ŞEKER PANCARI, MISIR, HAŞHAŞ
Akşehir;ILICAK;KİRAZ, VİŞNE, ÇİLEK, DOMATES, BİBER, PATLICAN, PATATES, SOĞAN, SARIMSAK
Akşehir;KARABULUT;BİBER, PATLICAN, SALATALIK
Akşehir;ORTACA;DOMATES, PATLICAN, PATATES, SOĞAN
Akşehir;ORTAKÖY;ŞEKER PANCARI
Akşehir;REİS;MISIR, DOMATES, BİBER, PATLICAN, PATATES
Akşehir;SAVAŞ;KİRAZ, VİŞNE, PATATES, SARIMSAK
Akşehir;SORKUN;KİRAZ, VİŞNE, ÇİLEK
Akşehir;SÖĞÜTLÜ;BUĞDAY, ARPA, ŞEKER PANCARI, HAŞHAŞ
Akşehir;TEKKE;YOK
Akşehir;TİPİKÖY;MISIR, YONCA, ASPİR, HAŞHAŞ
Akşehir;ULUPINAR;KİRAZ, VİŞNE
Akşehir;ÜÇHÜYÜK;KİRAZ, ÇİLEK
Akşehir;YAŞARLAR;ŞEKER PANCARI, MISIR, HAŞHAŞ
Akşehir;YAYLABELEN;MISIR, YONCA, FASULYE
Akşehir;YAZLA;ŞEKER PANCARI, MISIR, YONCA, HAŞHAŞ
Akşehir;YENİKÖY;KİRAZ, VİŞNE, ÇİLEK
Akşehir;YEŞİLKÖY;ŞEKER PANCARI, MISIR, FASULYE, DOMATES, BİBER, PATLICAN, PATATES
Akşehir;SARAY;KİRAZ, VİŞNE, DOMATES
Altınekin;OĞUZELİ;ŞEKER PANCARI, MISIR, AYÇİÇEĞİ
Altınekin;AKCAŞAR;ŞEKER PANCARI, MISIR, AYÇİÇEĞİ, ÇEREZLİK KABAK
Altınekin;AYIŞIĞI;YOK
Altınekin;AKKÖY;BUĞDAY, ŞEKER PANCARI, AYÇİÇEĞİ
Altınekin;BORUKKUYU;ŞEKER PANCARI, MISIR, AYÇİÇEĞİ, KAVUN, KARPUZ
Altınekin;HACINUMAN;ŞEKER PANCARI, MISIR, AYÇİÇEĞİ, FASULYE
Altınekin;KARAKAYA;DOMATES, BİBER, PATLICAN, PATATES
Altınekin;KOÇAŞ;ŞEKER PANCARI, AYÇİÇEĞİ
Altınekin;KOÇYAKA;ŞEKER PANCARI, MISIR, AYÇİÇEĞİ
Altınekin;MANTAR;BUĞDAY, ARPA, ŞEKER PANCARI
Altınekin;YENİÖLMEZ;BUĞDAY, ARPA, ŞEKER PANCARI, MISIR, AYÇİÇEĞİ
Altınekin;SARNIÇ;ŞEKER PANCARI, MISIR, AYÇİÇEĞİ, FASULYE
Altınekin;TOPRAKLIK;ŞEKER PANCARI, AYÇİÇEĞİ
Altınekin;YENİKUYU;ŞEKER PANCARI, MISIR, AYÇİÇEĞİ, PATATES
Altınekin;YENİYAYLA;ŞEKER PANCARI, MISIR, AYÇİÇEĞİ, FASULYE
Altınekin;DEDELER;ŞEKER PANCARI, MISIR, AYÇİÇEĞİ, FASULYE
Altınekin;AKINCILAR;ŞEKER PANCARI, MISIR, AYÇİÇEĞİ
Beyşehir;ADAKÖY;FASULYE
Beyşehir;AĞILÖNÜ;ELMA, ÇİLEK, DOMATES, BİBER, PATLICAN, PATATES
Beyşehir;AKBURUN;ŞEKER PANCARI
Beyşehir;AKÇABELEN;ÇİLEK, FASULYE, DOMATES, BİBER, PATLICAN, PATATES
Beyşehir;AVDANCIK;ŞEKER PANCARI, PATATES
Beyşehir;BADEMLİ;YOK
Beyşehir;BAYAT;ŞEKER PANCARI, PATATES
Beyşehir;BAYAVŞAR;ŞEKER PANCARI, DOMATES, BİBER, PATLICAN, PATATES
Beyşehir;BAYINDIR;ŞEKER PANCARI, ELMA, DOMATES, BİBER, PATLICAN, PATATES
Beyşehir;BAŞGÖZE;BUĞDAY, ARPA, YONCA, PATATES
Beyşehir;BEKDEMİR;ŞEKER PANCARI, DOMATES, BİBER, PATATES, SOĞAN, SARIMSAK
Beyşehir;DAMLAPINAR;ŞEKER PANCARI, ELMA, KİRAZ, ÇİLEK, DOMATES, BİBER, PATLICAN, PATATES
Beyşehir;DOĞANBEY;BUĞDAY, ŞEKER PANCARI, YONCA
Beyşehir;DOĞANCIK;HAŞHAŞ
Beyşehir;DUMANLI;FASULYE, DOMATES, PATATES, SOĞAN
Beyşehir;EMEN;ŞEKER PANCARI, MISIR, DOMATES, BİBER, PATLICAN, PATATES, SOĞAN
Beyşehir;ESENCE;ŞEKER PANCARI
Beyşehir;EYLİKLER;ŞEKER PANCARI
Beyşehir;EĞİRLER;BUĞDAY, ARPA, YONCA
Beyşehir;FASILLAR;ŞEKER PANCARI, FASULYE
Beyşehir;GÖKÇEKUYU;MISIR, YONCA, FASULYE, PATATES
Beyşehir;GÖKÇİMEN;YONCA, DOMATES, BİBER, PATLICAN, PATATES
Beyşehir;GÖLKAŞI;ŞEKER PANCARI, MISIR
Beyşehir;GÖLYAKA;ELMA, KİRAZ
Beyşehir;GÖNEN;BUĞDAY, ARPA, MERCİMEK
Beyşehir;GÖÇÜ;ŞEKER PANCARI, FASULYE, DOMATES, BİBER, PATATES
Beyşehir;GÜNDOĞDU;ŞEKER PANCARI, FASULYE
Beyşehir;HUĞLU;CEVİZ, FASULYE, DOMATES, BİBER, PATLICAN, PATATES
Beyşehir;HÜSEYİNLER;MISIR, KİRAZ
Beyşehir;İSAKÖY;BUĞDAY, ŞEKER PANCARI, MISIR, DOMATES, BİBER, PATLICAN, PATATES
Beyşehir;KARAALİ;BUĞDAY, ARPA
Beyşehir;KARABAYAT;ŞEKER PANCARI
Beyşehir;KARADİKEN;ŞEKER PANCARI, FASULYE, KAVUN, KARPUZ, DOMATES, BİBER
Beyşehir;KARAHİSAR;ŞEKER PANCARI, MISIR, KİRAZ, ÇİLEK, FASULYE, DOMATES, BİBER, PATLICAN, PATATES
Beyşehir;KAYABAŞI;DOMATES, BİBER, PATLICAN, PATATES
Beyşehir;KURUCUOVA;DOMATES, BİBER, PATLICAN, PATATES, SOĞAN, SARIMSAK
Beyşehir;KUŞLUCA;ŞEKER PANCARI
Beyşehir;KÜÇÜKAVŞAR;ELMA, KİRAZ, ÇİLEK, DOMATES, BİBER, PATLICAN, PATATES
Beyşehir;MESUTLAR;DOMATES, BİBER, PATLICAN, PATATES, SOĞAN, SARIMSAK
Beyşehir;SADIKHACI;ŞEKER PANCARI, MISIR
Beyşehir;SARIKÖY;ŞEKER PANCARI, PATATES, SOĞAN
Beyşehir;SEVİNDİK;CEVİZ, PATATES
Beyşehir;ŞAMLAR;DOMATES, BİBER, PATLICAN, PATATES, SOĞAN, SARIMSAK
Beyşehir;ÜÇPINAR;ŞEKER PANCARI, DOMATES, BİBER, PATLICAN, PATATES
Beyşehir;ÜSTÜNLER;YONCA, FASULYE, DOMATES, BİBER, PATLICAN, PATATES, SOĞAN, SARIMSAK
Beyşehir;ÜZÜMLÜ;ÜZÜM, DOMATES, BİBER, PATLICAN, PATATES, SOĞAN
Beyşehir;YAZYURDU;DOMATES, BİBER, PATLICAN, PATATES
Beyşehir;YENİDOĞAN;BUĞDAY, ARPA, ŞEKER PANCARI
Beyşehir;YEŞİLDAĞ;FASULYE, DOMATES, BİBER, PATLICAN, PATATES, SOĞAN
Beyşehir;YUKARIESENCE;ŞEKER PANCARI
Beyşehir;YUNUSLAR;MISIR, ELMA, CEVİZ, DOMATES, BİBER, PATLICAN, PATATES
Beyşehir;ÇİFTLİK;ŞEKER PANCARI, PATATES
Beyşehir;ÇİVRİL;ŞEKER PANCARI, ÜZÜM, DOMATES, PATATES
Beyşehir;ÇUKURAĞIL;ŞEKER PANCARI, MISIR, FASULYE, DOMATES, BİBER, PATLICAN, PATATES
Bozkır;ÇAĞLAYAN;ELMA, KİRAZ, VİŞNE, ÜZÜM
Bozkır;HAMZALAR;ELMA, KİRAZ, ÜZÜM, ÇİLEK
Bozkır;AKÇAPINAR;BUĞDAY, ARPA, NOHUT, ELMA, KİRAZ, DOMATES, BİBER, PATATES
Bozkır;ARMUTLU;ÇİLEK, PATATES
Bozkır;ARSLANTAŞ;PATATES
Bozkır;AYDINKIŞLA;DOMATES, PATATES
Bozkır;AYVALCA;ELMA, KİRAZ, DOMATES, PATATES
Bozkır;BAĞYURDU;ELMA, KİRAZ, ARMUT
Bozkır;BAYBAĞAN;DOMATES, BİBER, PATATES, SARIMSAK, MARUL
Bozkır;BOZDAM;ELMA
Bozkır;DEREİÇİ;KİRAZ, ÜZÜM
Bozkır;DEREKÖY;ELMA, PATATES
Bozkır;ELMAAĞAÇ;YOK
Bozkır;HACILAR;ELMA, KİRAZ
Bozkır;HACIYUNUSLAR;PATATES
Bozkır;HARMANPINAR;ELMA, KİRAZ
Bozkır;HİSARLIK;ÜZÜM
Bozkır;IŞIKLAR;ELMA, KİRAZ, PATATES, SOĞAN
Bozkır;KARABAYIR;FASULYE, PATATES
Bozkır;KARACAARDIÇ;ELMA, MERCİMEK
Bozkır;KARACAHİSAR;PATATES
Bozkır;KARAYAHYA;YOK
Bozkır;KAYACILAR;KAVUN, KARPUZ
Bozkır;KAYAPINAR;ÜZÜM, PATATES
Bozkır;KINIK;ELMA, ÜZÜM
Bozkır;KIZILÇAKIR;YOK
Bozkır;KİLDERE;BUĞDAY, NOHUT, MERCİMEK
Bozkır;KOVANLIK;ELMA, DOMATES, PATATES
Bozkır;KOZAĞAÇ;ELMA, KİRAZ, ERİK, CEVİZ
Bozkır;KUŞÇA;BUĞDAY, ARPA, NOHUT
Bozkır;KÜÇÜKHİSARLIK;ELMA, KİRAZ, ÜZÜM, DOMATES, PATLICAN
Bozkır;PINARCIK;KİRAZ, ÇİLEK, DOMATES, BİBER, PATATES
Bozkır;SARIOĞLAN;BUĞDAY, ARPA, NOHUT
Bozkır;SAZLI;ELMA, KİRAZ
Bozkır;SOĞUCAK;KİRAZ, ÇİLEK, PATATES
Bozkır;SORKUN;FASULYE, PATATES
Bozkır;SÖĞÜT;ELMA, PATATES
Bozkır;TARLABAŞI;FASULYE, DOMATES, PATATES
Bozkır;TAŞBAŞI;YOK
Bozkır;TEPEARASI;ELMA, KİRAZ, DOMATES, PATATES
Bozkır;TEPELİCE;BUĞDAY, ARPA, NOHUT
Bozkır;ULUPINAR;KİRAZ, DOMATES, PATATES
Bozkır;ÜÇPINAR;ELMA, PATATES
Bozkır;YALNIZCA;PATATES
Bozkır;YAZDAMI;ELMA, KİRAZ, ÜZÜM, FASULYE, DOMATES, BİBER, PATLICAN, PATATES
Bozkır;YELBEYİ;ELMA, KİRAZ, ÜZÜM
Bozkır;YENİKÖY;KİRAZ, ÜZÜM
Bozkır;YOLÖREN;ELMA, ERİK, DOMATES, SALATALIK
Çeltik;GÖKPINAR;ŞEKER PANCARI, AYÇİÇEĞİ, SOĞAN
Çeltik;ADAKASIM;ŞEKER PANCARI, MISIR, AYÇİÇEĞİ, REZENE
Çeltik;DOĞANYURT;ŞEKER PANCARI, MISIR, AYÇİÇEĞİ
Çeltik;KAŞÖREN;ŞEKER PANCARI, MISIR, AYÇİÇEĞİ, KANOLA
Çeltik;KÜÇÜKHASAN;ŞEKER PANCARI, MISIR, AYÇİÇEĞİ, PATATES
Çeltik;TORUNLAR;ŞEKER PANCARI, MISIR, AYÇİÇEĞİ, KAVUN, KARPUZ
Çeltik;İSHAKUŞAĞI;ŞEKER PANCARI, MISIR, AYÇİÇEĞİ, REZENE
Çeltik;HONAMLI;ŞEKER PANCARI, MISIR, AYÇİÇEĞİ, FASULYE
Cihanbeyli;BÖĞRÜDELİK;ŞEKER PANCARI, MISIR, AYÇİÇEĞİ, FASULYE
Cihanbeyli;YAPALI;ŞEKER PANCARI, AYÇİÇEĞİ
Cihanbeyli;YENİCEOBA;ŞEKER PANCARI
Cihanbeyli;CUMHURİYET;YOK
Cihanbeyli;GEMECİK;ŞEKER PANCARI, MISIR
Cihanbeyli;GÖKTEPE;YOK
Cihanbeyli;AĞABEYLİ;ŞEKER PANCARI, MISIR, AYÇİÇEĞİ
Cihanbeyli;HODOĞLU;YOK
Cihanbeyli;KAYI;ŞEKER PANCARI, MISIR
Cihanbeyli;KIRKIŞLA;ŞEKER PANCARI, MISIR, AYÇİÇEĞİ
Cihanbeyli;KORKMAZLAR;BUĞDAY, ARPA
Cihanbeyli;KÜÇÜKBEŞKAVAK;BUĞDAY, ARPA
Cihanbeyli;MUTLUKONAK;BUĞDAY, ARPA, ELMA, KİRAZ, VİŞNE, ÜZÜM
Cihanbeyli;SAĞLIK;YOK
Cihanbeyli;SIĞIRCIK;BUĞDAY, ARPA, AYÇİÇEĞİ
Cihanbeyli;TURANLAR;YOK
Cihanbeyli;TÜFEKÇİPINAR;ŞEKER PANCARI, AYÇİÇEĞİ, FASULYE
Cihanbeyli;UZUNCAYAYLA;MISIR, AYÇİÇEĞİ
Cihanbeyli;YÜNLÜKUYU;YOK
Cihanbeyli;ZAFERİYE;ŞEKER PANCARI, MISIR, AYÇİÇEĞİ, PATATES
Cihanbeyli;GÖLYAZI;ŞEKER PANCARI, MISIR
Cihanbeyli;GÜNYÜZÜ;ŞEKER PANCARI, AYÇİÇEĞİ
Cihanbeyli;İNSUYU;ŞEKER PANCARI, MISIR, AYÇİÇEĞİ
Cihanbeyli;KANDİL;BUĞDAY, ARPA, NOHUT, MERCİMEK, KİMYON
Cihanbeyli;KARABAĞ;YOK
Cihanbeyli;KELHASAN;AYÇİÇEĞİ, YONCA
Cihanbeyli;KUŞCA;ŞEKER PANCARI, MISIR
Cihanbeyli;KÜTÜKUŞAĞI;ŞEKER PANCARI, MISIR, AYÇİÇEĞİ, KAVUN, KARPUZ
Cihanbeyli;TAŞPINAR;ŞEKER PANCARI, MISIR, AYÇİÇEĞİ
Cihanbeyli;BEYLİOVA;MISIR, AYÇİÇEĞİ, PATATES
Cihanbeyli;ÇİMEN;ŞEKER PANCARI
Cihanbeyli;ÇÖL;ŞEKER PANCARI, MISIR
Cihanbeyli;DAMLAKUYU;YOK
Cihanbeyli;BULDUK;YOK
Cihanbeyli;BÜYÜKBEŞKAVAK;YOK
Cihanbeyli;KARATEPE;YOK
Çumra;ARIKÖREN;ŞEKER PANCARI, MISIR
Çumra;DEDEMOĞLU;ŞEKER PANCARI, MISIR
Çumra;TÜRKMENCAMİLİ;ŞEKER PANCARI, MISIR
Çumra;A.B.HÜYÜĞÜ;ŞEKER PANCARI, MISIR, AYÇİÇEĞİ, FASULYE
Çumra;DİNEK;ŞEKER PANCARI, MISIR, FASULYE
Çumra;İÇERİÇUMRA;ŞEKER PANCARI, MISIR, AYÇİÇEĞİ, FASULYE
Çumra;GÜVERCİNLİK;ŞEKER PANCARI, MISIR, AYÇİÇEĞİ, DOMATES
Çumra;KARKIN;ŞEKER PANCARI, MISIR, AYÇİÇEĞİ, KAVUN
Çumra;OKÇU;ŞEKER PANCARI, MISIR, AYÇİÇEĞİ
Çumra;YENİSU;ŞEKER PANCARI, MISIR, KAVUN, KARPUZ
Çumra;APA;BUĞDAY, ŞEKER PANCARI, MISIR, FASULYE
Çumra;ABDİTOLU;BUĞDAY, ŞEKER PANCARI, MISIR, AYÇİÇEĞİ
Çumra;ADAKALE;ŞEKER PANCARI, MISIR, YONCA
Çumra;ALEMDAR;ŞEKER PANCARI, MISIR, FASULYE
Çumra;APASARAYCIK;MISIR, FASULYE
Çumra;AFŞAR;YOK
Çumra;AVDUL;ŞEKER PANCARI, MISIR, FASULYE
Çumra;BALÇIKHİSAR;ŞEKER PANCARI, MISIR, FASULYE, KAVUN, KARPUZ
Çumra;BEYLERCE;BUĞDAY, ŞEKER PANCARI, MISIR, FASULYE
Çumra;B.AŞLAMA;MISIR, AYÇİÇEĞİ
Çumra;CİCEK;BUĞDAY, ARPA, FASULYE, DOMATES
Çumra;ÇUKURKAVAK;BUĞDAY, ARPA
Çumra;DİNLENDİK;ŞEKER PANCARI, MISIR
Çumra;DİNEKSARAY;ŞEKER PANCARI, FASULYE, KAVUN, KARPUZ
Çumra;DOĞANLI;ŞEKER PANCARI, MISIR, FASULYE
Çumra;FETHİYE;MISIR, FASULYE
Çumra;GÖKHÜYÜK;ŞEKER PANCARI, MISIR, YONCA
Çumra;ERENTEPE;ŞEKER PANCARI, MISIR, AYÇİÇEĞİ, FASULYE
Çumra;İNLİ;ŞEKER PANCARI, MISIR
Çumra;KUZUCU;ŞEKER PANCARI, MISIR, AYÇİÇEĞİ, PATATES
Çumra;KÜÇÜKKÖY;ŞEKER PANCARI, MISIR, AYÇİÇEĞİ
Çumra;SEÇME;ŞEKER PANCARI, MISIR, AYÇİÇEĞİ, FASULYE, KAVUN
Çumra;SÜRGÜÇ;ŞEKER PANCARI, MISIR, AYÇİÇEĞİ
Çumra;TAHTALI;BUĞDAY, ARPA
Çumra;T.KARAHÜYÜK;ŞEKER PANCARI, MISIR, AYÇİÇEĞİ
Çumra;TAŞAĞIL;ŞEKER PANCARI, MISIR, AYÇİÇEĞİ
Çumra;UZUNKUYU;ŞEKER PANCARI, MISIR, AYÇİÇEĞİ
Çumra;ÜÇHÜYÜK;BUĞDAY, ŞEKER PANCARI, MISIR
Çumra;ÜRÜNLÜ;ŞEKER PANCARI, MISIR
Çumra;YÖRÜKCAMİLİ;BUĞDAY, ARPA, ŞEKER PANCARI, MISIR
Çumra;ÇAYBAŞI;ŞEKER PANCARI, MISIR, FASULYE, ÇEREZLİK KABAK
Derbent;ÇİFTLİKÖZÜ;ŞEKER PANCARI, MISIR, FASULYE
Derbent;DEĞİŞ;YOK
Derbent;TEKKE;BUĞDAY, ARPA
Derbent;GÜNEYKÖY;ELMA, KİRAZ, VİŞNE, ERİK
Derbent;MÜLAYİM;YOK
Derbent;SARAYPINAR;ELMA, KİRAZ, VİŞNE
Derbent;YASSIÖREN;BUĞDAY, ARPA, FASULYE
Derbent;SÜLEYMAN;BUĞDAY, ARPA, ŞEKER PANCARI, MISIR
Derbent;KARALAR;ÇİLEK, YONCA, FASULYE
Derebucak;ÇAMLIK;ELMA, DOMATES, PATATES
Derebucak;DURAK;YOK
Derebucak;GENCEK;ÇİLEK, FASULYE, PATATES
Derebucak;GÖYNEM;ÇİLEK, FASULYE
Derebucak;PINARBAŞI;ÇİLEK, FASULYE
Derebucak;TAŞLIPINAR;FASULYE, DOMATES, BİBER
Derebucak;TEPEARASI;KİRAZ, DOMATES
Derebucak;UĞURLU;FASULYE, DOMATES, BİBER
Doğanhisar;BAŞKÖY;ELMA, VİŞNE, ÇİLEK
Doğanhisar;YAZLICA;ŞEKER PANCARI, ÇİLEK, FASULYE, PATATES
Doğanhisar;AYASLAR;KİRAZ, VİŞNE, ÇİLEK
Doğanhisar;ÇINAROBA;AYÇİÇEĞİ, KİRAZ, VİŞNE, ÇİLEK, FASULYE
Doğanhisar;DEŞTİĞİN;ÇİLEK, FASULYE
Doğanhisar;FIRINLI;KİRAZ, VİŞNE, ÇİLEK, CEVİZ, FASULYE, DOMATES, BİBER, PATLICAN, PATATES
Doğanhisar;GÜVENDİK;VİŞNE, ÇİLEK
Doğanhisar;İLYASLAR;KİRAZ, VİŞNE, FASULYE, DOMATES, BİBER, PATLICAN, PATATES, SOĞAN
Doğanhisar;KARAAĞA;ŞEKER PANCARI
Doğanhisar;KEMER;YOK
Doğanhisar;KOÇAŞ;BUĞDAY, ARPA, NOHUT
Doğanhisar;KONAKKALE;VİŞNE, ÇİLEK, DOMATES, PATATES
Doğanhisar;TEKKE;ELMA, KİRAZ, VİŞNE, FASULYE
Doğanhisar;UNCULAR;MISIR, ÇİLEK, YONCA, FASULYE, DOMATES, BİBER, PATLICAN, PATATES
Doğanhisar;YAZIR;FASULYE
Doğanhisar;YENİCE;ŞEKER PANCARI, MISIR, ÇİLEK, FASULYE
Emirgazi;EKİZLİ;ÜZÜM
Emirgazi;AKMESCİT;MISIR
Emirgazi;BESCİ;ŞEKER PANCARI, MISIR, YONCA
Emirgazi;DEMİRCİ;MISIR, YONCA, FASULYE, DOMATES, BİBER, PATLICAN, PATATES
Emirgazi;GÖLÖREN;BUĞDAY, ARPA
Emirgazi;IŞIKLAR;MISIR
Emirgazi;KARAÖREN;DOMATES, BİBER, PATATES, SOĞAN
Emirgazi;MEŞELİ;BUĞDAY, MISIR
Emirgazi;ÖBEKTAŞ;YOK
Emirgazi;YAMAÇ;MISIR, YONCA
Ereğli;ZENGEN;ŞEKER PANCARI, MISIR, AYÇİÇEĞİ, YONCA
Ereğli;ACIPINAR;ŞEKER PANCARI, MISIR, AYÇİÇEĞİ
Ereğli;ADABAĞ;ŞEKER PANCARI, YONCA
Ereğli;AKHÜYÜK;MISIR, AYÇİÇEĞİ, YONCA
Ereğli;ALHAN;ŞEKER PANCARI, MISIR, YONCA
Ereğli;AŞAĞI GÖNDELEN;ŞEKER PANCARI, MISIR, YONCA
Ereğli;AŞIKLAR;ŞEKER PANCARI, MISIR, YONCA
Ereğli;AZİZİYE;ŞEKER PANCARI, MISIR, KAVUN, KARPUZ, DOMATES
Ereğli;BAHÇELİ;ŞEKER PANCARI, MISIR, AYÇİÇEĞİ
Ereğli;BELCEAĞAÇ;ŞEKER PANCARI, MISIR
Ereğli;BELKAYA;ŞEKER PANCARI, MISIR, AYÇİÇEĞİ, YONCA
Ereğli;BEYKÖY;ŞEKER PANCARI, MISIR, AYÇİÇEĞİ
Ereğli;BEYÖREN;ŞEKER PANCARI, MISIR, YONCA, SİYAH HAVUÇ
Ereğli;BULGURLUK;ŞEKER PANCARI, AYÇİÇEĞİ, ELMA, FASULYE, KAVUN, KARPUZ
Ereğli;BURHANİYE;MISIR, AYÇİÇEĞİ, DOMATES
Ereğli;BÜYÜKDEDE;BUĞDAY, MISIR, ELMA, KİRAZ, VİŞNE, ERİK, DOMATES, PATATES
Ereğli;ÇAKMAK;BUĞDAY, MISIR
Ereğli;ÇAYHAN;ŞEKER PANCARI, MISIR
Ereğli;ÇİLLER;ŞEKER PANCARI, MISIR, KAVUN, KARPUZ, DOMATES, BİBER
Ereğli;ÇİMENCİK;BUĞDAY, MISIR
Ereğli;GAYBİ;MISIR, NOHUT, KİRAZ, FASULYE
Ereğli;GÖKÇEYAZI;MISIR, KİRAZ, YONCA
Ereğli;GÖKTÖME;ŞEKER PANCARI, MISIR, AYÇİÇEĞİ
Ereğli;HACIMEMİŞ;ŞEKER PANCARI, MISIR, KİRAZ, DOMATES
Ereğli;KAMIŞLIKUYU;ARPA, ŞEKER PANCARI, MISIR
Ereğli;KARABURUN;BUĞDAY, ARPA, MISIR
Ereğli;KARGACI;ŞEKER PANCARI, MISIR
Ereğli;KIZILGEDİK;YOK
Ereğli;KUSKUNCUK;BUĞDAY, ŞEKER PANCARI, MISIR, AYÇİÇEĞİ, ELMA
Ereğli;KUTÖREN;ELMA, KAVUN, DOMATES, PATATES
Ereğli;KUZUKUYU;ŞEKER PANCARI, MISIR, AYÇİÇEĞİ, SİYAH HAVUÇ
Ereğli;MELİCEK;BUĞDAY, ARPA, ŞEKER PANCARI, MISIR, YONCA
Ereğli;ORHANİYE;ŞEKER PANCARI, MISIR, KİRAZ
Ereğli;ÖZGÜRLER;BUĞDAY, ŞEKER PANCARI, MISIR
Ereğli;PINARÖZÜ;ŞEKER PANCARI, MISIR, DOMATES
Ereğli;SARICA;MISIR, KİRAZ, YONCA
Ereğli;SARITOPALLI;MISIR, YONCA, DOMATES
Ereğli;SELVİLİ;BUĞDAY, ARPA, ŞEKER PANCARI, YONCA
Ereğli;TAŞAĞIL;ŞEKER PANCARI, MISIR, AYÇİÇEĞİ
Ereğli;TAŞBUDAK;MISIR, FASULYE, DOMATES
Ereğli;TATLIKUYU;ŞEKER PANCARI, MISIR, AYÇİÇEĞİ
Ereğli;TÜRKMEN;ŞEKER PANCARI, MISIR, AYÇİÇEĞİ
Ereğli;ULUMEŞE;MISIR, YONCA, FASULYE
Ereğli;YAZLIK;MISIR, KİRAZ, VİŞNE, ÜZÜM
Ereğli;YELLİCE;MISIR
Ereğli;YENİKÖY;ŞEKER PANCARI, MISIR, ELMA, KAVUN, KARPUZ, DOMATES, BİBER
Ereğli;YILDIZLI;ELMA, KİRAZ, ERİK, KAYISI
Ereğli;YUKARIGÖNDELEN;ŞEKER PANCARI, MISIR, AYÇİÇEĞİ, KAVUN, KARPUZ
Ereğli;HORTU;ŞEKER PANCARI, MISIR, DOMATES, SİYAH HAVUÇ
Ereğli;ACIKUYU;ŞEKER PANCARI, MISIR, AYÇİÇEĞİ, YONCA, KAVUN, KARPUZ, DOMATES
Güneysınır;GÜRAĞAÇ;YOK
Güneysınır;AĞAÇOBA;MISIR, NOHUT, FASULYE, PATATES
Güneysınır;ALANÖZÜ;BUĞDAY, ARPA, DOMATES, BİBER, PATLICAN, PATATES
Güneysınır;AVCITEPE;BUĞDAY, NOHUT, ÜZÜM
Güneysınır;AYDOĞMUŞ;YOK
Güneysınır;HABİLLER;KİRAZ, ÜZÜM, ŞEFTALİ
Güneysınır;KARAGÜNEY;BUĞDAY, ARPA, NOHUT, FASULYE
Güneysınır;KAYAAĞZI;BUĞDAY, ARPA, MISIR, NOHUT, FASULYE, PATATES
Güneysınır;KIZILÖZ;ELMA, FASULYE
Güneysınır;KURUKAVAK;BUĞDAY, ARPA, ELMA, DOMATES
Güneysınır;MEHMET ALİ;MISIR, NOHUT, PATATES
Güneysınır;ÖMEROĞLU;BUĞDAY, ELMA, KİRAZ, ÜZÜM
Güneysınır;ÖRENBOYALI;FASULYE, PATATES
Güneysınır;SARIHACI;KİRAZ, ÜZÜM, ÇİLEK
Hadim;AŞAĞIEŞENLER;KİRAZ, ÜZÜM
Hadim;AŞAĞIKIZILKAYA;BUĞDAY, KİRAZ, SARIMSAK
Hadim;BADEMLİ;ELMA, KİRAZ, ÜZÜM
Hadim;BAĞBAŞI;ELMA, KİRAZ, DOMATES, BİBER, PATLICAN, PATATES, SOĞAN, SARIMSAK
Hadim;BEYRELİ;ELMA, KİRAZ, FASULYE, DOMATES
Hadim;BOLAT;ELMA, KİRAZ, ÜZÜM
Hadim;ÇİFTEPINAR;ELMA, KİRAZ, ÜZÜM, ARMUT, ŞEFTALİ
Hadim;DEDEMLİ;ELMA, KİRAZ, ÜZÜM, DOMATES, BİBER, PATLICAN, PATATES
Hadim;DÜLGERLER;AYÇİÇEĞİ, ELMA, KİRAZ, ÜZÜM, SARIMSAK
Hadim;FAKILAR;KİRAZ
Hadim;GAZİLER;ELMA, KİRAZ, ÜZÜM
Hadim;GÖYNÜKKIŞLA;ELMA, KİRAZ, ÜZÜM, DOMATES, BİBER, PATATES, SARIMSAK
Hadim;GÜLPINAR;KİRAZ, DOMATES, BİBER, PATATES
Hadim;İĞDEÖREN;YOK
Hadim;KALINAĞIL;ELMA, KİRAZ, ÜZÜM, DOMATES, BİBER, PATATES
Hadim;KAPLANLI;ELMA, KİRAZ, ÜZÜM, ARMUT
Hadim;GEZLEVİ;KİRAZ, DOMATES, BİBER, PATLICAN, PATATES
Hadim;KÜPLÜCE;ELMA, KİRAZ, ÜZÜM
Hadim;ODUNCU;FASULYE, DOMATES, BİBER, PATATES
Hadim;SARNIÇ;KİRAZ
Hadim;SELAHATTİN;ELMA, KİRAZ, ÜZÜM
Hadim;UMURLAR;ELMA, KİRAZ
Hadim;YAĞCI;ELMA, KİRAZ, ÜZÜM
Hadim;YALINÇEVRE;KİRAZ, ÜZÜM, FASULYE, PATATES
Hadim;YELMEZ;ELMA, KİRAZ, ÜZÜM, ŞEFTALİ
Hadim;YENİKONAK;KİRAZ, ÜZÜM, CEVİZ
Hadim;YUKARIEŞENLER;KİRAZ, ÜZÜM
Halkapınar;İVRİZ;ELMA, KİRAZ, VİŞNE
Halkapınar;BÜYÜKDOĞAN;KİRAZ, ÜZÜM, CEVİZ
Halkapınar;DEDELİ;ELMA, KİRAZ, CEVİZ
Halkapınar;DELİMAHMUTLU;ELMA, KİRAZ, CEVİZ
Halkapınar;ESKİHİSAR;ELMA, KİRAZ, CEVİZ
Halkapınar;KARAYUSUFLU;ELMA, KİRAZ, FASULYE
Halkapınar;KAYASARAY;ELMA, KİRAZ, ÜZÜM
Halkapınar;KÖRLÜ;KİRAZ, VİŞNE, ÜZÜM, CEVİZ, DOMATES, SALATALIK
Halkapınar;KÜSERE;KİRAZ, VİŞNE, ERİK, CEVİZ
Halkapınar;OSMANKÖSELİ;ELMA, KİRAZ, CEVİZ
Halkapınar;SEYDİFAKILI;MISIR, KİRAZ, YONCA
Halkapınar;YASSIKAYA;KİRAZ, FASULYE, DOMATES, PATATES
Halkapınar;YAYIKLI;ELMA, KİRAZ, CEVİZ, FASULYE, DOMATES
Halkapınar;YEŞİLYURT;MISIR, ELMA, KİRAZ, YONCA, CEVİZ, DOMATES
Halkapınar;ÇAKILLAR;ELMA, KİRAZ, ÇİLEK
Hüyük;BAŞLAMIŞ;KİRAZ, ÇİLEK, FASULYE, DOMATES, PATATES, SALATALIK
Hüyük;BUDAK;ŞEKER PANCARI, KİRAZ, VİŞNE, ÇİLEK, DOMATES, PATATES, ŞEFTALİ
Hüyük;BURUNSUZ;ÜZÜM, ÇİLEK, CEVİZ
Hüyük;ÇAMLICA;ELMA, KİRAZ, ERİK
Hüyük;ÇAVUŞ;ELMA, ÇİLEK, CEVİZ, DOMATES, BİBER, PATATES
Hüyük;ÇUKURKENT;MISIR, KİRAZ, ÇİLEK, YONCA
Hüyük;DEĞİRMENALTI;ÇİLEK
Hüyük;GÖÇERİ;ÇİLEK, FASULYE, DOMATES, BİBER, PATATES
Hüyük;GÖRÜNMEZ;BUĞDAY, ŞEKER PANCARI, ÇİLEK, CEVİZ, DOMATES, BİBER, SOĞAN
Hüyük;İLMEN;KİRAZ, VİŞNE, ÇİLEK
Hüyük;İMRENLER;ŞEKER PANCARI, ÇİLEK
Hüyük;KIRELİ;ŞEKER PANCARI, ELMA, KİRAZ, CEVİZ
Hüyük;KÖŞK;ŞEKER PANCARI
Hüyük;MUTLU;ÇİLEK
Hüyük;PINARBAŞI;KİRAZ, VİŞNE, YONCA, FASULYE, DOMATES
Hüyük;SELKİ;ŞEKER PANCARI, MISIR, YONCA
Hüyük;SULUDERE;ELMA, KİRAZ, ÇİLEK, ARMUT
Hüyük;TOLCA;ARPA, ŞEKER PANCARI
Hüyük;YENİCE;ŞEKER PANCARI, MISIR, ELMA, KİRAZ, ÇİLEK
Ilgın;ARGITHANI;ŞEKER PANCARI, HAŞHAŞ
Ilgın;BEYKONAK;ŞEKER PANCARI, MISIR, HAŞHAŞ
Ilgın;ÇAVUŞÇUGÖL;ŞEKER PANCARI, AYÇİÇEĞİ, ELMA, KİRAZ, YONCA, FASULYE, DOMATES, BİBER, PATLICAN, PATATES
Ilgın;AĞALAR;ŞEKER PANCARI, MISIR, YONCA
Ilgın;BALKI;YONCA
Ilgın;BARAKMUSLU;YOK
Ilgın;BELEKLER;NOHUT, YULAF, PATATES
Ilgın;BOĞAZKENT;ŞEKER PANCARI, ELMA, FASULYE
Ilgın;BULCUK;ŞEKER PANCARI, ELMA, VİŞNE, CEVİZ
Ilgın;BÜYÜKOBA;ŞEKER PANCARI, YONCA
Ilgın;ÇİĞİL;ŞEKER PANCARI, NOHUT, PATLICAN, PATATES, SOĞAN
Ilgın;ÇATAK;YOK
Ilgın;ÇOBANKAYA;YOK
Ilgın;ÇÖMLEKCİ;YOK
Ilgın;DEREKÖY;YOK
Ilgın;DIĞRAK;YOK
Ilgın;DÜĞER;BUĞDAY, ARPA, MISIR
Ilgın;ELDEŞ;BUĞDAY, ARPA, ŞEKER PANCARI
Ilgın;GEÇİT;ŞEKER PANCARI, MISIR
Ilgın;GEDİKÖREN;ŞEKER PANCARI, MISIR
Ilgın;GÖSTERE;ŞEKER PANCARI, AYÇİÇEĞİ, NOHUT, PATATES
Ilgın;GÖKÇEYURT;ELMA, KİRAZ, HAŞHAŞ
Ilgın;GÖLYAKA;BUĞDAY, ARPA
Ilgın;GÖKBUDAK;ŞEKER PANCARI, ÇİLEK, YONCA
Ilgın;GÜNEYPINAR;KİRAZ, YONCA, DOMATES
Ilgın;HARMANYAZI;ŞEKER PANCARI, MISIR
Ilgın;İHSANİYE;ŞEKER PANCARI, HAŞHAŞ
Ilgın;KAPAKLI;BUĞDAY, ŞEKER PANCARI, MISIR
Ilgın;KARAKÖY;ŞEKER PANCARI, HAŞHAŞ
Ilgın;KALEKÖY;BUĞDAY, MISIR, NOHUT
Ilgın;MAHMUTHİSAR;ŞEKER PANCARI, MISIR
Ilgın;MECİDİYE;ŞEKER PANCARI, MISIR, FASULYE
Ilgın;MİSAFİRLİ;MISIR, YONCA
Ilgın;OLUKPINAR;MISIR, YONCA
Ilgın;ORHANİYE;ŞEKER PANCARI, MISIR, YONCA
Ilgın;ORMANÖZÜ;AYÇİÇEĞİ, FASULYE
Ilgın;SADIKKÖY;ARPA, ŞEKER PANCARI, MISIR, HAŞHAŞ
Ilgın;SEBİLLER;HAŞHAŞ
Ilgın;TEKELER;YOK
Ilgın;YUKARIÇİĞİL;ŞEKER PANCARI, MISIR, YONCA
Ilgın;YORAZLAR;ŞEKER PANCARI, MISIR, YONCA
Ilgın;ZAFERİYE;ŞEKER PANCARI, YONCA, HAŞHAŞ
Ilgın;AVDAN;YONCA, BİBER
Kadınhanı;OSMANCIK;MISIR, YONCA
Kadınhanı;AFŞARLI;BUĞDAY, ARPA, ŞEKER PANCARI
Kadınhanı;ALABAĞ;YONCA, DOMATES, BİBER, PATLICAN
Kadınhanı;ATLANTI;MISIR, AYÇİÇEĞİ
Kadınhanı;BAKIRPINAR;BUĞDAY, ŞEKER PANCARI, FASULYE
Kadınhanı;BAŞKUYU;ŞEKER PANCARI, MISIR, AYÇİÇEĞİ
Kadınhanı;BAYRAMLI;ŞEKER PANCARI, FASULYE
Kadınhanı;BEYKAVAĞI;KİRAZ, VİŞNE, ÇİLEK, FASULYE
Kadınhanı;BULGURPINAR;BUĞDAY, ARPA
Kadınhanı;ÇAVDAR;ŞEKER PANCARI, MISIR
Kadınhanı;ÇEŞMECİK;YOK
Kadınhanı;ÇUBUK;YOK
Kadınhanı;DEMİROLUK;BUĞDAY, ARPA, ELMA
Kadınhanı;HACIMEHMETLİ;BUĞDAY, ŞEKER PANCARI, AYÇİÇEĞİ
Kadınhanı;HACIOFLAZLAR;BUĞDAY, ARPA, YONCA
Kadınhanı;HACIPİRLİ;ŞEKER PANCARI, AYÇİÇEĞİ, FASULYE
Kadınhanı;KABACALI;YOK
Kadınhanı;KAMIŞLIÖZÜ;BUĞDAY, ŞEKER PANCARI, MISIR, AYÇİÇEĞİ
Kadınhanı;KARAHİSARLI;ŞEKER PANCARI, MISIR, AYÇİÇEĞİ, FASULYE
Kadınhanı;KARAKURTLU;ŞEKER PANCARI, MISIR, AYÇİÇEĞİ
Kadınhanı;KARASEVİNÇ;YOK
Kadınhanı;KARAYÜRÜKLÜ;ŞEKER PANCARI, YONCA, FASULYE
Kadınhanı;KIZILKUYU;BUĞDAY, ARPA
Kadınhanı;KOLUKISA;MISIR, AYÇİÇEĞİ
Kadınhanı;KONURÖREN;ŞEKER PANCARI, MISIR, AYÇİÇEĞİ
Kadınhanı;KÖKEZ;ŞEKER PANCARI, FASULYE
Kadınhanı;KÖYLÜTOLU;BUĞDAY, ARPA, YONCA
Kadınhanı;KURTHASANLI;ŞEKER PANCARI
Kadınhanı;KÜÇÜKKUYU;ŞEKER PANCARI, MISIR, FASULYE
Kadınhanı;MAHMUDİYE;ŞEKER PANCARI, MISIR, AYÇİÇEĞİ
Kadınhanı;MEYDANLI;ŞEKER PANCARI, MISIR, AYÇİÇEĞİ, YONCA
Kadınhanı;ÖRNEK;MERCİMEK
Kadınhanı;PİRALİ;YOK
Kadınhanı;PUSAT;ŞEKER PANCARI, MISIR, AYÇİÇEĞİ
Kadınhanı;SAÇIKARA;ŞEKER PANCARI, MISIR, AYÇİÇEĞİ, BİBER, SOĞAN
Kadınhanı;SARIKAYA;YOK
Kadınhanı;SÖĞÜTÖZÜ;MISIR, AYÇİÇEĞİ, YONCA
Kadınhanı;ŞAHÖREN;MISIR, YONCA, FASULYE
Kadınhanı;TOSUNOĞLU;BUĞDAY, ŞEKER PANCARI
Kadınhanı;YAĞLICA;YOK
Kadınhanı;YAYLAYAKA;ŞEKER PANCARI, NOHUT, FASULYE
Karapınar;HOTAMIŞ;BUĞDAY, ŞEKER PANCARI, MISIR, AYÇİÇEĞİ
Karapınar;KESMEZ;KAVUN, KARPUZ
Karapınar;AKÇAYAZI;YOK
Karapınar;AKÖREN;BUĞDAY, ŞEKER PANCARI, MISIR, YONCA, DOMATES, HAVUÇ
Karapınar;ÇİĞİL;ŞEKER PANCARI, MISIR, AYÇİÇEĞİ, PATATES
Karapınar;HASANOBA;BUĞDAY, ŞEKER PANCARI, MISIR, AYÇİÇEĞİ
Karapınar;İSLİK;BUĞDAY, ŞEKER PANCARI, MISIR, AYÇİÇEĞİ
Karapınar;KARAKIŞLA;ŞEKER PANCARI, MISIR, AYÇİÇEĞİ, PATATES
Karapınar;KAYACIK;BUĞDAY, ARPA, ŞEKER PANCARI, MISIR, AYÇİÇEĞİ
Karapınar;KAYALI;ŞEKER PANCARI, MISIR, YONCA
Karapınar;KAZANHÜYÜĞÜ;ŞEKER PANCARI, MISIR, AYÇİÇEĞİ, YONCA
Karapınar;KÜÇÜKAŞLAMA;ŞEKER PANCARI, MISIR, AYÇİÇEĞİ
Karapınar;ORTAOBA;ŞEKER PANCARI, MISIR, AYÇİÇEĞİ
Karapınar;OYMALI;DOMATES
Karapınar;SAZLIPINAR;ŞEKER PANCARI, MISIR, AYÇİÇEĞİ
Karapınar;YAĞMAPINAR;DOMATES, BİBER
Karapınar;YENİKUYU;BUĞDAY, ŞEKER PANCARI, MISIR
Karapınar;YEŞİLYURT;ARPA, ŞEKER PANCARI, MISIR, YONCA, SARIMSAK
Karatay;YARMA;BUĞDAY, ŞEKER PANCARI, MISIR, AYÇİÇEĞİ
Karatay;ACIDORT;BUĞDAY, ARPA, AYÇİÇEĞİ, YONCA
Karatay;AĞSAKLI;ŞEKER PANCARI, MISIR, AYÇİÇEĞİ
Karatay;AKBAŞ;ŞEKER PANCARI, MISIR, AYÇİÇEĞİ
Karatay;AKÖRENKIŞLA;ŞEKER PANCARI, MISIR, AYÇİÇEĞİ, PATATES
Karatay;BAKIRTOLU;BUĞDAY, ARPA, ŞEKER PANCARI, MISIR, AYÇİÇEĞİ, YONCA
Karatay;BAŞGÖTÜREN;ŞEKER PANCARI, MISIR, AYÇİÇEĞİ
Karatay;BEŞAĞIL;ŞEKER PANCARI, MISIR, AYÇİÇEĞİ
Karatay;BÜYÜKBURNAK;ŞEKER PANCARI, MISIR, AYÇİÇEĞİ
Karatay;ÇENGİLTİ;ŞEKER PANCARI, MISIR, AYÇİÇEĞİ, YONCA
Karatay;DİVANLAR;YOK
Karatay;ESENTEPE;ŞEKER PANCARI, MISIR, AYÇİÇEĞİ
Karatay;GÖÇÜ;ŞEKER PANCARI, MISIR, AYÇİÇEĞİ
Karatay;HAYIROĞLU MERKEZ;ŞEKER PANCARI, MISIR, AYÇİÇEĞİ
Karatay;İPEKLER;ŞEKER PANCARI, MISIR, AYÇİÇEĞİ
Karatay;İSMİL;BUĞDAY, ARPA, ŞEKER PANCARI, MISIR, AYÇİÇEĞİ
Karatay;KARADONA;ŞEKER PANCARI, MISIR, AYÇİÇEĞİ
Karatay;KARAKAYA;YOK
Karatay;KATRANCI;ŞEKER PANCARI, MISIR, AYÇİÇEĞİ
Karatay;KIZÖREN;ŞEKER PANCARI, MISIR, AYÇİÇEĞİ
Karatay;KÖSEALİ;ŞEKER PANCARI, MISIR, AYÇİÇEĞİ
Karatay;OBRUK;BUĞDAY, ŞEKER PANCARI, MISIR, AYÇİÇEĞİ
Karatay;OVAKAVAĞI;ŞEKER PANCARI, MISIR, AYÇİÇEĞİ
Karatay;SAKYATAN;BUĞDAY, MISIR, YONCA
Karatay;SÜRÜÇ;ŞEKER PANCARI, MISIR, AYÇİÇEĞİ
Karatay;ŞATIR;ŞEKER PANCARI, MISIR, AYÇİÇEĞİ
Karatay;YAĞLIBAYAT;BUĞDAY, ŞEKER PANCARI, AYÇİÇEĞİ
Karatay;YAVŞANKUYU;ŞEKER PANCARI, MISIR, AYÇİÇEĞİ
Karatay;YENİCE;ŞEKER PANCARI, MISIR, AYÇİÇEĞİ
Karatay;YENİKENT;ŞEKER PANCARI, MISIR, AYÇİÇEĞİ, YONCA
Karatay;ZİNCİRLİ;BUĞDAY, ARPA, MISIR, AYÇİÇEĞİ, YONCA
Kulu;ACIKUYU;YOK
Kulu;AĞILBAŞI;NOHUT, KANOLA
Kulu;ALTILAR;NOHUT, FASULYE
Kulu;ARŞINCA;NOHUT, MERCİMEK, KİMYON
Kulu;BEŞKARDEŞ;YOK
Kulu;BOĞAZÖREN;YOK
Kulu;BOZAN;MERCİMEK, KİMYON
Kulu;BURUNAĞIL;FASULYE, KİMYON
Kulu;CANIMANA;YULAF, KİMYON
Kulu;CELEP;ŞEKER PANCARI, KİMYON
Kulu;DİPDEDE;YOK
Kulu;DOĞUTEPE;NOHUT, KİMYON
Kulu;FEVZİYE;ŞEKER PANCARI, NOHUT, KİMYON
Kulu;GÖKLER;YOK
Kulu;GÜZELYAYLA;ŞEKER PANCARI, FASULYE
Kulu;HİSAR;YOK
Kulu;KARACADAĞ;NOHUT, MERCİMEK
Kulu;KARACADERE;YOK
Kulu;KIRKKUYU;YOK
Kulu;KIRKPINAR;YOK
Kulu;KOZANLI;ŞEKER PANCARI, MISIR, AYÇİÇEĞİ
Kulu;KÖMÜŞİNİ;YOK
Kulu;KÖŞKER;YOK
Kulu;SARIYAYLA;ŞEKER PANCARI, FASULYE
Kulu;SEYİTAHMETLİ;BUĞDAY, ARPA, NOHUT
Kulu;SOĞUKKUYU;BUĞDAY, NOHUT
Kulu;ŞEREFLİ;MERCİMEK
Kulu;TAVLIÖREN;NOHUT, MERCİMEK
Kulu;ÖMERANLI;KİMYON
Kulu;TUZYAKA;BUĞDAY, ŞEKER PANCARI, MERCİMEK
Kulu;YARAŞLI;YOK
Kulu;YAZIÇAYIR;YOK
Kulu;YEŞİLTEPE;KİMYON
Kulu;YEŞİLYURT;BUĞDAY, MERCİMEK
Kulu;ZİNCİRLİKUYU;BUĞDAY, ŞEKER PANCARI
Kulu;BAHADIRLI;ŞEKER PANCARI, MISIR, AYÇİÇEĞİ
Kulu;DEĞİRMENÖZÜ;MISIR, YONCA
Meram;ERENKAYA;YOK
Meram;YATAĞAN;DOMATES, BİBER, PATLICAN, PATATES
Meram;GÖKYURT;ELMA, ÜZÜM, PATATES, SOĞAN
Meram;BAYAT;BUĞDAY, NOHUT
Meram;BORUKTOLU;BUĞDAY, ŞEKER PANCARI, MISIR
Meram;BOTSA;BUĞDAY, ŞEKER PANCARI, MISIR
Meram;ÇAYIRBAĞI;ELMA, KİRAZ, VİŞNE, ERİK, FASULYE, DOMATES, BİBER, PATLICAN, PATATES
Meram;ÇOMAKLAR;ELMA, KİRAZ, ÜZÜM, FASULYE, PATATES
Meram;ÇUKURÇİMEN;KİRAZ, PATATES, SOĞAN
Meram;EVLİYATEKKE;BUĞDAY, ARPA, ELMA, ÇİLEK
Meram;HATUNSARAY;ŞEKER PANCARI, MISIR, FASULYE, DOMATES, BİBER
Meram;İKİPINAR;FASULYE, PATATES
Meram;İLYASBABA;YONCA, DOMATES, BİBER, PATATES
Meram;İNLİCE;DOMATES, BİBER, PATATES
Meram;KARAAĞAÇ;YOK
Meram;KAVAK;ŞEKER PANCARI, MISIR, NOHUT, FASULYE
Meram;KAYADİBİ;ŞEKER PANCARI, MISIR, PATATES
Meram;KAYALI;NOHUT, ELMA, KİRAZ
Meram;KAYHÜYÜK;DOMATES, BİBER, PATLICAN, PATATES
Meram;KIZILÖREN;ÇİLEK, FASULYE, DOMATES, BİBER, PATATES
Meram;KUMRALI;ÇİLEK, DOMATES, BİBER, PATLICAN, PATATES
Meram;SADIKLAR;ELMA, KİRAZ, ÇİLEK, DOMATES, BİBER, PATATES
Meram;SAĞLIK;MISIR, ÇİLEK, PATATES
Meram;SARIKIZ;YOK
Meram;SEFAKÖY;BUĞDAY, ÇİLEK, FASULYE
Meram;YEŞİLDERE;DOMATES, BİBER, PATLICAN, PATATES
Meram;YEŞİLTEKKE;KİRAZ, FASULYE, PATATES, SOĞAN
Meram;KAŞINHANI;ŞEKER PANCARI, DOMATES, HAVUÇ, PIRASA, MARUL, LAHANA
Sarayönü;LADİK;BUĞDAY, ARPA, MISIR
Sarayönü;BAHÇESARAY;BUĞDAY, ARPA
Sarayönü;BAŞHÜYÜK;ŞEKER PANCARI, MISIR, AYÇİÇEĞİ, PATATES
Sarayönü;BOYALI;BUĞDAY, ARPA
Sarayönü;BÜYÜKZENGİ;ŞEKER PANCARI, MISIR, ELMA, FASULYE
Sarayönü;ÇEŞMELİSEBİL;BUĞDAY, ARPA, MISIR, AYÇİÇEĞİ
Sarayönü;DEĞİRMENLİ;BUĞDAY, ŞEKER PANCARI, FASULYE
Sarayönü;ERTUĞRUL;ŞEKER PANCARI, MISIR, DOMATES
Sarayönü;GÖZLÜ;ŞEKER PANCARI, MISIR, FASULYE
Sarayönü;KADIOĞLU;BUĞDAY, ARPA
Sarayönü;KARABIYIK;YOK
Sarayönü;KARATEPE;ŞEKER PANCARI, MISIR, FASULYE, PATATES
Sarayönü;KAYIÖREN;MISIR, NOHUT, FASULYE
Sarayönü;KONAR;BUĞDAY, ARPA
Sarayönü;KURŞUNLU;YOK
Sarayönü;KUYULUSEBİL;ŞEKER PANCARI, MISIR, AYÇİÇEĞİ, FASULYE
Sarayönü;ÖZKENT;ŞEKER PANCARI, MISIR, AYÇİÇEĞİ
Sarayönü;YENİCEKAYA;MISIR, FASULYE
Selçuklu;BAŞARAKAVAK;NOHUT, DOMATES, BİBER, PATLICAN, PATATES, SOĞAN
Selçuklu;hasan;
Selçuklu;SARAYKÖY;YOK
Selçuklu;SULUTAS;YOK
Selçuklu;TATKÖY;BUĞDAY, ARPA
Selçuklu;AKPINAR;BUĞDAY, ARPA
Selçuklu;BAĞRIKURT;YOK
Selçuklu;BİÇER;YOK
Selçuklu;ÇALDERE;BUĞDAY, ARPA, FASULYE
Selçuklu;ÇALTI;ŞEKER PANCARI, MISIR, AYÇİÇEĞİ
Selçuklu;ÇANDIR;YOK
Selçuklu;DAĞDERE;YONCA
Selçuklu;EĞRİBAYAT;ŞEKER PANCARI, MISIR, AYÇİÇEĞİ, YONCA
Selçuklu;GÜVENÇ;ŞEKER PANCARI, MISIR, AYÇİÇEĞİ
Selçuklu;KALE;ŞEKER PANCARI
Selçuklu;KARAÖMERLER;ŞEKER PANCARI, AYÇİÇEĞİ
Selçuklu;KERVAN;YOK
Selçuklu;KINIK;YOK
Selçuklu;KIZILCAKUYU;YOK
Selçuklu;MEYDAN;YOK
Selçuklu;SELAHATTİN;FASULYE, DOMATES, BİBER, PATATES
Selçuklu;SIZMA;BUĞDAY, ARPA, NOHUT
Selçuklu;TEPEKENT;ÇİLEK
Selçuklu;ULUMUHSİNE;BUĞDAY, ARPA
Selçuklu;YAZIBELEN;ŞEKER PANCARI, MISIR, FASULYE
Selçuklu;SİLLE;ELMA, KİRAZ, ÜZÜM, DOMATES, BİBER, PATLICAN, PATATES
Selçuklu;ARDIÇLI;ELMA, KİRAZ, DOMATES, BİBER, PATLICAN, PATATES, SOĞAN
Selçuklu;AŞAĞIPINARBAŞI;ŞEKER PANCARI, AYÇİÇEĞİ, FASULYE
Selçuklu;YUKARIPINARBAŞI;ŞEKER PANCARI, MISIR
Selçuklu;KÜÇÜKMUHSİNE;ELMA, FASULYE, KABAK, DOMATES, PATATES
Selçuklu;SARICALAR;BUĞDAY, ARPA, ŞEKER PANCARI, AYÇİÇEĞİ, YONCA
Selçuklu;TÖMEK;AYÇİÇEĞİ, YONCA
Selçuklu;YÜKSELEN;ELMA, KİRAZ, ÜZÜM, DOMATES, BİBER, PATATES
Selçuklu;Mehmet Fatih;
Seydişehir;KESECİK;ARPA, ŞEKER PANCARI, DOMATES, PATATES, ÇEREZLİK KABAK
Seydişehir;AKÇALAR;ŞEKER PANCARI, FASULYE, PATATES, ÇEREZLİK KABAK
Seydişehir;AŞAĞIKARAÖREN;ŞEKER PANCARI, AYÇİÇEĞİ
Seydişehir;BAŞKARAÖREN;ŞEKER PANCARI, MISIR, AYÇİÇEĞİ
Seydişehir;BOSTANDERE;BUĞDAY, ŞEKER PANCARI, DOMATES, BİBER
Seydişehir;BOYALI;ŞEKER PANCARI, ÇEREZLİK KABAK
Seydişehir;BÜKÇE;FASULYE, PATATES
Seydişehir;ÇAT;FASULYE, DOMATES
Seydişehir;ÇATMAKAYA;ÇİLEK, FASULYE, DOMATES, PATATES
Seydişehir;ÇAVUŞ;BUĞDAY, ARPA, ELMA, ÇİLEK
Seydişehir;DİKİLİTAŞ;BUĞDAY, ÇİLEK, PATATES
Seydişehir;GEVREKLİ;ŞEKER PANCARI, PATATES, ÇEREZLİK KABAK
Seydişehir;GÖKÇEHÜYÜK;ŞEKER PANCARI, ÇEREZLİK KABAK
Seydişehir;GÖKHÜYÜK;BUĞDAY, ŞEKER PANCARI, MISIR, ÇEREZLİK KABAK
Seydişehir;GÖLYÜZÜ;ŞEKER PANCARI, FASULYE
Seydişehir;IRMAKLI;ŞEKER PANCARI, PATATES, ÇEREZLİK KABAK
Seydişehir;İNCESU;ŞEKER PANCARI
Seydişehir;KARABULAK;BUĞDAY, ŞEKER PANCARI
Seydişehir;KARACAÖREN;FASULYE, PATATES
Seydişehir;KAVAK;DOMATES, PATATES, SOĞAN
Seydişehir;KETENLİ;KİRAZ, VİŞNE, ÇİLEK
Seydişehir;KIZILCA;FASULYE, DOMATES
Seydişehir;KOZLU;FASULYE, DOMATES, PATATES
Seydişehir;KUMLUCA;ŞEKER PANCARI, VİŞNE, KAVUN, KARPUZ, PATATES
Seydişehir;KURAN;ŞEKER PANCARI, KAVUN, KARPUZ, PATATES
Seydişehir;MADENLİ;YOK
Seydişehir;MESUDİYE;ÇİLEK, DOMATES
Seydişehir;MURADİYE;ŞEKER PANCARI
Seydişehir;OĞLAKÇI;FASULYE, DOMATES, BİBER
Seydişehir;ORTAKARAÖREN;ŞEKER PANCARI, MISIR, ÇEREZLİK KABAK
Seydişehir;SARAYCIK;ELMA, KİRAZ, DOMATES, BİBER, PATATES
Seydişehir;SUSUZ;ŞEKER PANCARI, FASULYE, ŞEFTALİ
Seydişehir;TARAŞÇI;DOMATES, SALATALIK
Seydişehir;TAŞAĞIL;ŞEKER PANCARI, YONCA, FASULYE, PATATES
Seydişehir;TEPECİK;YOK
Seydişehir;TOL;ŞEKER PANCARI, DOMATES, BİBER, PATLICAN
Seydişehir;UFACIK;YOK
Seydişehir;YAYLACIK;ÇİLEK
Seydişehir;YENİCE;DOMATES, PATATES
Taşkent;AFŞAR;KİRAZ, ÜZÜM, CEVİZ
Taşkent;BALCILAR;ELMA, KİRAZ, ÇİLEK, CEVİZ
Taşkent;BOLAY;ELMA, KİRAZ, ÜZÜM, ÇİLEK, DOMATES, BİBER
Taşkent;ÇETMİ;ELMA, KİRAZ, ÇİLEK
Taşkent;KECİMEN;KİRAZ, ÜZÜM, ERİK
Taşkent;KONGUL;KİRAZ
Taşkent;SAZAK;KİRAZ, CEVİZ
Taşkent;ILICAPINAR;ELMA, KİRAZ, ÜZÜM, ÇİLEK, DOMATES, BİBER, PATATES
Tuzlukçu;KONARI;YOK
Tuzlukçu;MEVLÜTLÜ;YOK
Tuzlukçu;KORAŞI;YOK
Tuzlukçu;ÇÖĞÜRLÜ;ŞEKER PANCARI, AYÇİÇEĞİ, HAŞHAŞ
Tuzlukçu;TURSUNLU;ŞEKER PANCARI
Tuzlukçu;KUNDULLU;YOK
Tuzlukçu;PAZARKAYA;YOK
Tuzlukçu;SUBATAN;ŞEKER PANCARI
Tuzlukçu;GÜRSU;ŞEKER PANCARI
Tuzlukçu;ERDOĞDU;ŞEKER PANCARI, MISIR, AYÇİÇEĞİ
Tuzlukçu;KÖKLÜCE;BUĞDAY, ARPA, MISIR
Yalıhüyük;SARAY;YOK
Yalıhüyük;ARASÖĞÜT;YOK
Yunak;KUZÖREN;ŞEKER PANCARI, MISIR, AYÇİÇEĞİ, HAŞHAŞ
Yunak;KOÇYAZI;BUĞDAY, ARPA, YONCA
Yunak;TURGUT;ŞEKER PANCARI, MISIR, AYÇİÇEĞİ, FASULYE
Yunak;PİRİBEYLİ;YOK
Yunak;SÜLÜKLÜ;BUĞDAY, ARPA
Yunak;ALTINÖZ;ŞEKER PANCARI, AYÇİÇEĞİ, PATATES
Yunak;AYRITEPE;YOK
Yunak;BEŞIŞIKLI;BUĞDAY, KİMYON
Yunak;CEBRAİL;YOK
Yunak;ÇAYIRBAŞI;BUĞDAY, MISIR
Yunak;EĞRİKUYU;ŞEKER PANCARI, MISIR, HAŞHAŞ
Yunak;HACIÖMEROĞLU;SOĞAN
Yunak;HATIRLI;BUĞDAY, FASULYE, PATATES
Yunak;HACIFAKILI;ŞEKER PANCARI, MISIR, PATATES
Yunak;HARUNLAR;YOK
Yunak;HURSUNLU;ŞEKER PANCARI, FASULYE
Yunak;İMAMOĞLU;ŞEKER PANCARI, AYÇİÇEĞİ, FASULYE
Yunak;KARGALI;YOK
Yunak;KARAYAYLA;ŞEKER PANCARI, MISIR, AYÇİÇEĞİ
Yunak;KILLAR;ŞEKER PANCARI, MISIR, AYÇİÇEĞİ
Yunak;KURTUŞAĞI;YOK
Yunak;KUYUBAŞI;ŞEKER PANCARI, MISIR
Yunak;MEŞELİK;YOK
Yunak;ODABAŞI;BUĞDAY, ŞEKER PANCARI, MISIR, FASULYE
Yunak;ORTAKIŞLA;BUĞDAY, ARPA
Yunak;ÖZYAYLA;ŞEKER PANCARI, MISIR, AYÇİÇEĞİ
Yunak;SERTLER;ŞEKER PANCARI
Yunak;SEVİNÇ;YOK
Yunak;SIRAM;YOK
Yunak;SİNANLI;NOHUT, MERCİMEK, FASULYE
Yunak;YAVAŞLI;ŞEKER PANCARI, MISIR, AYÇİÇEĞİ
Yunak;YEŞİLOBA;ŞEKER PANCARI, MISIR, FASULYE, DOMATES
Yunak;YEŞİLYAYLA;FASULYE
Yunak;YIĞAR;MISIR, AYÇİÇEĞİ
Yunak;SARAY;ŞEKER PANCARI, MISIR, DOMATES, BİBER, PATATES
;;
